t_ms,x_m,y_m,z_m,vx_ms,vy_ms,vz_ms,v_h_ms,v_v_down_ms,v_tot_ms,v_forward_ms,v_side_ms,cv_vdown,v_h_u,v_v_u,v_tot_u,v_forward_u,v_side_u,yaw_deg,pitch_deg,fwd_len_h,band,state,underwater
1756425405352,843.893,-242.181,83.990,0.000,0.000,0.000,0.00,-0.00,0.00,0.00,0.00,0.000,0.0,-0.0,0.0,0.0,0.0,79.80,0.00,1.000,stall/land,grounded,false
1756425405381,843.893,-242.181,83.990,0.000,0.000,0.000,0.00,-0.00,0.00,0.00,0.00,0.000,0.0,-0.0,0.0,0.0,0.0,79.80,0.00,1.000,stall/land,grounded,false
1756425405410,843.893,-242.181,83.990,0.000,0.000,0.000,0.00,-0.00,0.00,0.00,0.00,0.000,0.0,-0.0,0.0,0.0,0.0,79.80,0.00,1.000,stall/land,grounded,false
1756425405439,843.893,-242.181,83.990,0.000,0.000,0.000,0.00,-0.00,0.00,0.00,0.00,0.000,0.0,-0.0,0.0,0.0,0.0,79.80,0.00,1.000,stall/land,grounded,false
1756425405468,843.893,-242.181,83.990,0.000,0.000,0.000,0.00,-0.00,0.00,0.00,0.00,0.000,0.0,-0.0,0.0,0.0,0.0,79.80,0.00,1.000,stall/land,grounded,false
1756425405497,843.893,-242.181,83.990,0.000,0.000,0.000,0.00,-0.00,0.00,0.00,0.00,0.000,0.0,-0.0,0.0,0.0,0.0,79.80,0.00,1.000,stall/land,grounded,false
1756425405526,843.893,-242.181,83.990,0.000,0.000,0.000,0.00,-0.00,0.00,0.00,0.00,0.000,0.0,-0.0,0.0,0.0,0.0,79.80,0.00,1.000,stall/land,grounded,false
1756425405555,843.893,-242.181,83.990,0.000,0.000,0.000,0.00,-0.00,0.00,0.00,0.00,0.000,0.0,-0.0,0.0,0.0,0.0,79.80,0.00,1.000,stall/land,grounded,false
1756425405584,843.893,-242.181,83.990,0.000,0.000,0.000,0.00,-0.00,0.00,0.00,0.00,0.000,0.0,-0.0,0.0,0.0,0.0,79.80,0.00,1.000,stall/land,grounded,false
1756425405613,843.893,-242.181,83.990,0.000,0.000,0.000,0.00,-0.00,0.00,0.00,0.00,0.000,0.0,-0.0,0.0,0.0,0.0,79.80,0.00,1.000,stall/land,grounded,false
1756425405642,843.893,-242.181,83.990,0.000,0.000,0.000,0.00,-0.00,0.00,0.00,0.00,0.000,0.0,-0.0,0.0,0.0,0.0,79.80,0.00,1.000,stall/land,grounded,false
1756425405671,843.893,-242.181,83.990,0.000,0.000,0.000,0.00,-0.00,0.00,0.00,0.00,0.000,0.0,-0.0,0.0,0.0,0.0,79.81,0.00,1.000,stall/land,grounded,false
1756425405700,843.959,-241.815,84.030,0.684,3.799,0.423,3.86,0.00,3.86,3.86,-0.00,0.000,152.0,0.0,152.0,152.0,-0.0,79.81,0.00,1.000,unknown,running_slope,false
1756425405729,844.025,-241.450,84.071,1.158,6.441,0.718,6.54,0.00,6.54,6.54,-0.00,0.000,257.7,0.0,257.7,257.7,-0.0,79.81,0.00,1.000,unknown,running_slope,false
1756425405758,844.090,-241.085,84.112,1.489,8.282,0.923,8.42,0.00,8.42,8.42,-0.00,0.000,331.3,0.0,331.3,331.3,-0.0,79.81,0.00,1.000,unknown,running_slope,false
1756425405787,844.156,-240.719,84.153,1.721,9.569,1.067,9.72,0.00,9.72,9.72,-0.00,0.000,382.8,0.0,382.8,382.8,-0.0,79.81,0.00,1.000,unknown,running_slope,false
1756425405816,844.156,-240.719,84.153,1.204,6.698,0.747,6.81,0.00,6.81,6.81,-0.00,0.000,267.9,0.0,267.9,267.9,-0.0,79.81,0.00,1.000,unknown,running_slope,false
1756425405845,844.222,-240.354,84.540,1.521,8.459,4.524,8.60,0.00,8.60,8.60,-0.00,0.000,338.4,0.0,338.4,338.4,-0.0,79.81,0.00,1.000,unknown,running_slope,false
1756425405874,844.287,-239.989,84.875,1.743,9.693,6.624,9.85,0.00,9.85,9.85,-0.00,0.000,387.8,0.0,387.8,387.8,-0.0,79.81,0.00,1.000,unknown,running_slope,false
1756425405903,844.287,-239.989,84.875,1.220,6.785,4.637,6.89,0.00,6.89,6.89,-0.00,0.000,271.4,0.0,271.4,271.4,-0.0,79.81,0.00,1.000,unknown,running_slope,false
1756425405932,844.353,-239.623,85.157,1.533,8.525,6.157,8.66,0.00,8.66,8.66,-0.00,0.000,341.0,0.0,341.0,341.0,-0.0,79.81,0.00,1.000,unknown,running_slope,false
1756425405962,844.419,-239.257,85.386,1.752,9.747,6.676,9.90,0.00,9.90,9.90,-0.00,0.000,389.9,0.0,389.9,389.9,-0.0,79.81,0.00,1.000,unknown,running_slope,false
1756425405991,844.485,-238.890,85.563,1.907,10.608,6.494,10.78,0.00,10.78,10.78,0.00,0.000,424.3,0.0,424.3,424.3,0.0,79.81,0.00,1.000,unknown,running_slope,false
1756425406020,844.485,-238.890,85.563,1.335,7.425,4.546,7.54,0.00,7.54,7.54,0.00,0.000,297.0,0.0,297.0,297.0,0.0,79.81,0.00,1.000,unknown,running_slope,false
1756425406049,844.551,-238.524,85.686,1.616,8.989,4.459,9.13,0.00,9.13,9.13,-0.00,0.000,359.6,0.0,359.6,359.6,-0.0,79.81,0.00,1.000,unknown,running_slope,false
1756425406078,844.617,-238.156,85.757,1.812,10.084,3.851,10.25,0.00,10.25,10.25,0.00,0.000,403.4,0.0,403.4,403.4,0.0,79.81,0.00,1.000,unknown,running_slope,false
1756425406107,844.683,-237.789,85.775,1.951,10.853,2.880,11.03,0.00,11.03,11.03,-0.00,0.000,434.1,0.0,434.1,434.1,-0.0,79.81,0.00,1.000,unknown,running_slope,false
1756425406136,844.683,-237.789,85.775,1.366,7.597,2.016,7.72,0.00,7.72,7.72,-0.00,0.000,303.9,0.0,303.9,303.9,-0.0,79.81,0.00,1.000,unknown,running_slope,false
1756425406165,844.749,-237.421,85.740,1.640,9.118,1.050,9.26,0.00,9.26,9.26,-0.00,0.000,364.7,0.0,364.7,364.7,-0.0,79.81,0.00,1.000,unknown,running_slope,false
1756425406194,844.815,-237.054,85.652,1.830,10.179,-0.172,10.34,0.17,10.34,10.34,-0.00,5.413,407.2,6.8,407.2,407.2,-0.0,79.81,0.00,1.000,unknown,running_slope,false
1756425406223,844.815,-237.054,85.652,1.281,7.125,-0.121,7.24,0.12,7.24,7.24,-0.00,3.858,285.0,4.7,285.1,285.0,-0.0,79.81,0.00,1.000,unknown,running_slope,false
1756425406252,844.881,-236.686,85.539,1.579,8.780,-1.253,8.92,1.25,9.01,8.92,-0.00,4.454,351.2,49.3,354.7,351.2,-0.0,79.81,0.00,1.000,unknown,running_slope,false
1756425406281,844.950,-236.306,85.424,1.811,10.074,-2.060,10.24,2.06,10.44,10.24,-0.00,3.609,403.0,81.1,411.0,403.0,-0.0,79.81,0.00,1.000,forward,running_slope,false
1756425406310,844.950,-236.306,85.424,1.268,7.052,-1.442,7.16,1.44,7.31,7.16,-0.00,2.974,282.1,56.8,287.7,282.1,-0.0,79.81,0.00,1.000,unknown,running_slope,false
1756425406339,845.019,-235.921,85.310,1.604,8.919,-2.192,9.06,2.19,9.32,9.06,-0.00,2.607,356.8,86.3,367.0,356.8,-0.0,79.81,0.00,1.000,forward,running_slope,false
1756425406368,845.089,-235.532,85.195,1.843,10.250,-2.717,10.41,2.72,10.76,10.41,0.00,2.368,410.0,107.0,423.7,410.0,0.0,79.81,0.00,1.000,forward,running_slope,false
1756425406397,845.159,-235.143,85.081,2.012,11.194,-3.085,11.37,3.08,11.78,11.37,0.00,2.181,447.8,121.4,464.0,447.8,0.0,79.81,0.00,1.000,forward,running_slope,false
1756425406426,845.229,-234.754,84.966,2.132,11.859,-3.342,12.05,3.34,12.50,12.05,-0.00,2.023,474.4,131.6,492.3,474.4,-0.0,79.81,0.00,1.000,forward,running_slope,false
1756425406456,845.229,-234.754,84.966,1.492,8.301,-2.339,8.43,2.34,8.75,8.43,-0.00,1.868,332.1,92.1,344.6,332.1,-0.0,79.81,0.00,1.000,forward,running_slope,false
1756425406485,845.291,-234.405,84.852,1.691,9.407,-2.820,9.56,2.82,9.96,9.56,0.00,1.742,376.3,111.0,392.3,376.3,0.0,79.81,0.00,1.000,forward,running_slope,false
1756425406514,845.349,-234.085,84.737,1.780,9.897,-3.158,10.06,3.16,10.54,10.06,-0.00,1.639,395.9,124.3,414.9,395.9,-0.0,79.81,0.00,1.000,forward,running_slope,false
1756425406543,845.404,-233.779,84.622,1.813,10.083,-3.392,10.24,3.39,10.79,10.24,-0.00,1.553,403.3,133.5,424.9,403.3,-0.0,79.81,0.00,1.000,forward,running_slope,false
1756425406572,845.404,-233.779,84.622,1.269,7.058,-2.374,7.17,2.37,7.55,7.17,-0.00,1.472,282.3,93.5,297.4,282.3,-0.0,79.81,0.00,1.000,neutral,running_slope,false
1756425406601,845.458,-233.480,84.508,1.436,7.985,-2.828,8.11,2.83,8.59,8.11,-0.00,1.398,319.4,111.3,338.3,319.4,-0.0,79.81,0.00,1.000,neutral,running_slope,false
1756425406630,845.511,-233.184,84.393,1.555,8.647,-3.162,8.79,3.16,9.34,8.79,-0.00,1.335,345.9,124.5,367.6,345.9,-0.0,79.81,0.00,1.000,forward,running_slope,false
1756425406659,845.511,-233.184,84.393,1.088,6.053,-2.213,6.15,2.21,6.54,6.15,-0.00,1.279,242.1,87.1,257.3,242.1,-0.0,79.81,0.00,1.000,unknown,running_slope,false
1756425406688,845.564,-232.889,84.279,1.309,7.284,-2.732,7.40,2.73,7.89,7.40,0.00,1.225,291.4,107.6,310.6,291.4,0.0,79.81,0.00,1.000,neutral,running_slope,false
1756425406718,845.617,-232.594,84.164,1.462,8.138,-3.095,8.27,3.10,8.83,8.27,0.00,1.177,325.5,121.9,347.6,325.5,0.0,79.81,0.00,1.000,neutral,running_slope,false
1756425406747,845.670,-232.300,84.050,1.570,8.733,-3.349,8.87,3.35,9.48,8.87,0.00,1.135,349.3,131.8,373.4,349.3,0.0,79.81,0.00,1.000,forward,running_slope,false
1756425406776,845.670,-232.300,84.050,1.099,6.113,-2.344,6.21,2.34,6.64,6.21,0.00,1.095,244.5,92.3,261.4,244.5,0.0,79.81,0.00,1.000,unknown,running_slope,false
1756425406805,845.723,-232.006,83.935,1.314,7.313,-2.823,7.43,2.82,7.95,7.43,0.00,1.056,292.5,111.1,312.9,292.5,0.0,79.81,0.00,1.000,neutral,running_slope,false
1756425406834,845.775,-231.712,83.821,1.467,8.160,-3.160,8.29,3.16,8.87,8.29,0.00,1.021,326.4,124.4,349.3,326.4,0.0,79.81,0.00,1.000,neutral,running_slope,false
1756425406863,845.775,-231.712,83.821,1.027,5.712,-2.212,5.80,2.21,6.21,5.80,0.00,0.990,228.5,87.1,244.5,228.5,0.0,79.81,0.00,1.000,unknown,running_slope,false
1756425406892,845.828,-231.418,83.706,1.265,7.034,-2.731,7.15,2.73,7.65,7.15,-0.00,0.958,281.4,107.5,301.2,281.4,-0.0,79.81,0.00,1.000,neutral,running_slope,false
1756425406921,845.881,-231.124,83.592,1.431,7.960,-3.095,8.09,3.09,8.66,8.09,-0.00,0.929,318.4,121.8,340.9,318.4,-0.0,79.81,0.00,1.000,neutral,running_slope,false
1756425406950,845.934,-230.830,83.477,1.548,8.607,-3.349,8.75,3.35,9.36,8.75,-0.00,0.903,344.3,131.8,368.7,344.3,-0.0,79.81,0.00,1.000,forward,running_slope,false
1756425406979,845.934,-230.830,83.477,1.084,6.025,-2.344,6.12,2.34,6.56,6.12,-0.00,0.878,241.0,92.3,258.1,241.0,-0.0,79.81,0.00,1.000,unknown,running_slope,false
1756425407008,845.987,-230.536,83.363,1.304,7.251,-2.823,7.37,2.82,7.89,7.37,-0.00,0.853,290.1,111.1,310.6,290.1,-0.0,79.81,0.00,1.000,neutral,running_slope,false
1756425407037,846.040,-230.242,83.248,1.459,8.110,-3.158,8.24,3.16,8.82,8.24,-0.00,0.829,324.4,124.3,347.4,324.4,-0.0,79.81,0.00,1.000,neutral,running_slope,false
1756425407066,846.093,-229.948,83.133,1.567,8.714,-3.394,8.85,3.39,9.48,8.85,-0.00,0.808,348.6,133.6,373.3,348.6,-0.0,79.81,0.00,1.000,forward,running_slope,false
1756425407095,846.093,-229.948,83.133,1.097,6.100,-2.376,6.20,2.38,6.64,6.20,-0.00,0.788,244.0,93.5,261.3,244.0,-0.0,79.81,0.00,1.000,unknown,running_slope,false
1756425407124,846.146,-229.654,83.019,1.315,7.309,-2.847,7.43,2.85,7.95,7.43,-0.00,0.767,292.4,112.1,313.1,292.4,-0.0,79.81,0.00,1.000,neutral,running_slope,false
1756425407153,846.199,-229.360,82.904,1.466,8.152,-3.176,8.28,3.18,8.87,8.28,-0.00,0.748,326.1,125.0,349.2,326.1,-0.0,79.81,0.00,1.000,neutral,running_slope,false
1756425407182,846.199,-229.360,82.904,1.026,5.706,-2.223,5.80,2.22,6.21,5.80,-0.00,0.731,228.3,87.5,244.5,228.3,-0.0,79.81,0.00,1.000,unknown,running_slope,false
1756425407211,846.251,-229.066,82.790,1.263,7.025,-2.737,7.14,2.74,7.64,7.14,-0.00,0.713,281.0,107.7,300.9,281.0,-0.0,79.81,0.00,1.000,neutral,running_slope,false
1756425407241,846.304,-228.772,82.675,1.430,7.949,-3.097,8.08,3.10,8.65,8.08,-0.00,0.696,318.0,121.9,340.6,318.0,-0.0,79.81,0.00,1.000,neutral,running_slope,false
1756425407270,846.357,-228.478,82.561,1.539,8.558,-3.334,8.70,3.33,9.31,8.70,-0.00,0.680,342.3,131.3,366.6,342.3,-0.0,79.81,0.00,1.000,forward,running_slope,false
1756425407299,846.357,-228.478,82.561,1.077,5.990,-2.334,6.09,2.33,6.52,6.09,-0.00,0.665,239.6,91.9,256.6,239.6,-0.0,79.81,0.00,1.000,unknown,running_slope,false
1756425407328,846.410,-228.184,82.446,1.301,7.229,-2.817,7.35,2.82,7.87,7.35,-0.00,0.650,289.2,110.9,309.7,289.2,-0.0,79.81,0.00,1.000,neutral,running_slope,false
1756425407357,846.463,-227.890,82.332,1.456,8.094,-3.153,8.22,3.15,8.81,8.22,-0.00,0.635,323.8,124.2,346.8,323.8,-0.0,79.81,0.00,1.000,neutral,running_slope,false
1756425407386,846.463,-227.890,82.332,1.019,5.666,-2.207,5.76,2.21,6.17,5.76,-0.00,0.623,226.6,86.9,242.7,226.6,-0.0,79.81,0.00,1.000,unknown,running_slope,false
1756425407415,846.516,-227.596,82.217,1.260,7.004,-2.729,7.12,2.73,7.62,7.12,-0.00,0.609,280.2,107.4,300.1,280.2,-0.0,79.81,0.00,1.000,neutral,running_slope,false
1756425407444,846.569,-227.302,82.103,1.428,7.940,-3.093,8.07,3.09,8.64,8.07,-0.00,0.595,317.6,121.8,340.2,317.6,-0.0,79.81,0.00,1.000,neutral,running_slope,false
1756425407474,846.622,-227.008,81.988,1.534,8.524,-3.321,8.66,3.32,9.28,8.66,-0.00,0.583,341.0,130.7,365.2,341.0,-0.0,79.81,0.00,1.000,forward,running_slope,false
1756425407503,846.622,-227.008,81.988,1.073,5.966,-2.325,6.06,2.32,6.49,6.06,-0.00,0.572,238.7,91.5,255.6,238.7,-0.0,79.81,0.00,1.000,unknown,running_slope,false
1756425407532,846.674,-226.714,81.873,1.297,7.213,-2.811,7.33,2.81,7.85,7.33,-0.00,0.560,288.6,110.6,309.0,288.6,-0.0,79.81,0.00,1.000,neutral,running_slope,false
1756425407562,846.727,-226.420,81.759,1.454,8.084,-3.150,8.21,3.15,8.80,8.21,-0.00,0.548,323.4,124.0,346.3,323.4,-0.0,79.81,0.00,1.000,neutral,running_slope,false
1756425407591,846.780,-226.126,81.644,1.564,8.696,-3.388,8.84,3.39,9.46,8.84,-0.00,0.538,347.9,133.4,372.6,347.9,-0.0,79.81,0.00,1.000,forward,running_slope,false
1756425407620,846.780,-226.126,81.644,1.095,6.087,-2.372,6.18,2.37,6.62,6.18,-0.00,0.528,243.5,93.4,260.8,243.5,-0.0,79.81,0.00,1.000,unknown,running_slope,false
1756425407649,846.833,-225.832,81.530,1.313,7.298,-2.843,7.41,2.84,7.94,7.41,-0.00,0.517,291.9,111.9,312.6,291.9,-0.0,79.81,0.00,1.000,neutral,running_slope,false
1756425407678,846.886,-225.538,81.415,1.465,8.145,-3.174,8.28,3.17,8.86,8.28,-0.00,0.507,325.8,124.9,349.0,325.8,-0.0,79.81,0.00,1.000,neutral,running_slope,false
1756425407707,846.939,-225.244,81.301,1.570,8.728,-3.400,8.87,3.40,9.50,8.87,-0.00,0.498,349.1,133.9,373.9,349.1,-0.0,79.81,0.00,1.000,forward,running_slope,false
1756425407736,846.939,-225.244,81.301,1.099,6.109,-2.380,6.21,2.38,6.65,6.21,-0.00,0.489,244.4,93.7,261.7,244.4,-0.0,79.81,0.00,1.000,unknown,running_slope,false
1756425407765,846.992,-224.950,81.186,1.316,7.313,-2.849,7.43,2.85,7.96,7.43,-0.00,0.479,292.5,112.2,313.3,292.5,-0.0,79.81,0.00,1.000,neutral,running_slope,false
1756425407794,847.045,-224.656,81.072,1.467,8.155,-3.177,8.29,3.18,8.87,8.29,-0.00,0.470,326.2,125.1,349.4,326.2,-0.0,79.81,0.00,1.000,neutral,running_slope,false
1756425407823,847.045,-224.656,81.072,1.027,5.708,-2.224,5.80,2.22,6.21,5.80,-0.00,0.463,228.3,87.6,244.6,228.3,-0.0,79.81,0.00,1.000,unknown,running_slope,false
1756425407853,847.098,-224.362,80.957,1.265,7.031,-2.739,7.14,2.74,7.65,7.14,-0.00,0.454,281.3,107.9,301.2,281.3,-0.0,79.81,0.00,1.000,neutral,running_slope,false
1756425407882,847.150,-224.068,80.843,1.431,7.957,-3.100,8.08,3.10,8.66,8.08,-0.00,0.445,318.3,122.1,340.9,318.3,-0.0,79.81,0.00,1.000,neutral,running_slope,false
1756425407911,847.203,-223.774,80.728,1.548,8.606,-3.353,8.74,3.35,9.37,8.74,-0.00,0.438,344.3,132.0,368.7,344.3,-0.0,79.81,0.00,1.000,forward,running_slope,false
1756425407940,847.203,-223.774,80.728,1.083,6.025,-2.347,6.12,2.35,6.56,6.12,-0.00,0.431,241.0,92.4,258.1,241.0,-0.0,79.81,0.00,1.000,unknown,running_slope,false
1756425407969,847.256,-223.480,80.613,1.305,7.255,-2.827,7.37,2.83,7.89,7.37,-0.00,0.423,290.2,111.3,310.8,290.2,-0.0,79.81,0.00,1.000,neutral,running_slope,false
1756425407998,847.309,-223.186,80.499,1.457,8.101,-3.156,8.23,3.16,8.82,8.23,-0.00,0.415,324.1,124.3,347.1,324.1,-0.0,79.81,0.00,1.000,neutral,running_slope,false
1756425408027,847.362,-222.892,80.384,1.566,8.706,-3.392,8.85,3.39,9.47,8.85,-0.00,0.408,348.3,133.5,373.0,348.3,-0.0,79.81,0.00,1.000,forward,running_slope,false
1756425408056,847.362,-222.892,80.384,1.096,6.094,-2.374,6.19,2.37,6.63,6.19,-0.00,0.402,243.8,93.5,261.1,243.8,-0.0,79.81,0.00,1.000,unknown,running_slope,false
1756425408085,847.415,-222.598,80.270,1.313,7.302,-2.845,7.42,2.85,7.95,7.42,-0.00,0.394,292.1,112.0,312.8,292.1,-0.0,79.81,0.00,1.000,neutral,running_slope,false
1756425408114,847.468,-222.304,80.155,1.466,8.148,-3.175,8.28,3.17,8.87,8.28,-0.00,0.387,325.9,125.0,349.1,325.9,-0.0,79.81,0.00,1.000,neutral,running_slope,false
1756425408143,847.468,-222.304,80.155,1.026,5.704,-2.222,5.80,2.22,6.21,5.80,-0.00,0.383,228.2,87.5,244.4,228.2,-0.0,79.81,0.00,1.000,unknown,running_slope,false
1756425408174,847.521,-222.010,80.041,1.237,6.880,-2.680,6.99,2.68,7.49,6.99,-0.00,0.376,275.2,105.5,294.7,275.2,-0.0,79.81,0.00,1.000,neutral,running_slope,false
1756425408203,847.574,-221.717,79.926,1.413,7.852,-3.059,7.98,3.06,8.54,7.98,-0.00,0.369,314.1,120.5,336.4,314.1,-0.0,79.81,0.00,1.000,neutral,running_slope,false
1756425408232,847.626,-221.423,79.812,1.535,8.531,-3.324,8.67,3.32,9.28,8.67,-0.00,0.363,341.3,130.9,365.5,341.3,-0.0,79.81,0.00,1.000,forward,running_slope,false
1756425408261,847.626,-221.423,79.812,1.074,5.972,-2.327,6.07,2.33,6.50,6.07,-0.00,0.359,238.9,91.6,255.8,238.9,-0.0,79.81,0.00,1.000,unknown,running_slope,false
1756425408290,847.679,-221.129,79.697,1.298,7.215,-2.811,7.33,2.81,7.85,7.33,-0.00,0.352,288.6,110.7,309.1,288.6,-0.0,79.81,0.00,1.000,neutral,running_slope,false
1756425408319,847.732,-220.835,79.583,1.455,8.087,-3.151,8.22,3.15,8.80,8.22,-0.00,0.346,323.5,124.1,346.5,323.5,-0.0,79.81,0.00,1.000,neutral,running_slope,false
1756425408348,847.785,-220.541,79.468,1.564,8.695,-3.388,8.83,3.39,9.46,8.83,-0.00,0.341,347.8,133.4,372.5,347.8,-0.0,79.81,0.00,1.000,forward,running_slope,false
1756425408377,847.785,-220.541,79.468,1.095,6.086,-2.371,6.18,2.37,6.62,6.18,-0.00,0.337,243.5,93.4,260.8,243.5,-0.0,79.81,0.00,1.000,unknown,running_slope,false
1756425408406,847.838,-220.247,79.354,1.312,7.291,-2.841,7.41,2.84,7.93,7.41,-0.00,0.331,291.6,111.8,312.4,291.6,-0.0,79.81,0.00,1.000,neutral,running_slope,false
1756425408435,847.891,-219.953,79.239,1.465,8.146,-3.174,8.28,3.17,8.86,8.28,-0.00,0.325,325.8,124.9,349.0,325.8,-0.0,79.81,0.00,1.000,neutral,running_slope,false
1756425408464,847.891,-219.953,79.239,1.026,5.702,-2.222,5.79,2.22,6.20,5.79,-0.00,0.323,228.1,87.5,244.3,228.1,-0.0,79.81,0.00,1.000,unknown,running_slope,false
1756425408493,847.944,-219.659,79.124,1.264,7.027,-2.738,7.14,2.74,7.65,7.14,-0.00,0.317,281.1,107.8,301.1,281.1,-0.0,79.81,0.00,1.000,neutral,running_slope,false
1756425408522,847.997,-219.365,79.010,1.431,7.955,-3.100,8.08,3.10,8.66,8.08,-0.00,0.312,318.2,122.0,340.8,318.2,-0.0,79.81,0.00,1.000,neutral,running_slope,false
1756425408551,848.049,-219.071,78.895,1.548,8.604,-3.352,8.74,3.35,9.36,8.74,-0.00,0.307,344.2,132.0,368.6,344.2,-0.0,79.81,0.00,1.000,forward,running_slope,false
1756425408581,848.049,-219.071,78.895,1.084,6.023,-2.346,6.12,2.35,6.55,6.12,-0.00,0.304,240.9,92.4,258.0,240.9,-0.0,79.81,0.00,1.000,unknown,running_slope,false
1756425408610,848.102,-218.777,78.781,1.305,7.255,-2.827,7.37,2.83,7.89,7.37,-0.00,0.299,290.2,111.3,310.8,290.2,-0.0,79.81,0.00,1.000,neutral,running_slope,false
1756425408639,848.155,-218.483,78.666,1.459,8.110,-3.160,8.24,3.16,8.83,8.24,-0.00,0.294,324.4,124.4,347.5,324.4,-0.0,79.81,0.00,1.000,neutral,running_slope,false
1756425408668,848.155,-218.483,78.666,1.021,5.677,-2.212,5.77,2.21,6.18,5.77,-0.00,0.292,227.1,87.1,243.2,227.1,-0.0,79.81,0.00,1.000,unknown,running_slope,false
1756425408697,848.208,-218.189,78.552,1.261,7.009,-2.731,7.12,2.73,7.63,7.12,-0.00,0.287,280.4,107.5,300.3,280.4,-0.0,79.81,0.00,1.000,neutral,running_slope,false
1756425408726,848.261,-217.895,78.437,1.428,7.943,-3.095,8.07,3.09,8.64,8.07,-0.00,0.282,317.7,121.8,340.3,317.7,-0.0,79.81,0.00,1.000,neutral,running_slope,false
1756425408757,848.314,-217.601,78.323,1.517,8.431,-3.285,8.57,3.28,9.17,8.57,-0.00,0.279,337.3,129.3,361.2,337.3,-0.0,79.81,0.00,1.000,forward,running_slope,false
1756425408785,848.367,-217.307,78.208,1.610,8.954,-3.489,9.10,3.49,9.74,9.10,-0.00,0.276,358.2,137.3,383.6,358.2,-0.0,79.81,0.00,1.000,forward,running_slope,false
1756425408814,848.367,-217.307,78.208,1.127,6.268,-2.442,6.37,2.44,6.82,6.37,-0.00,0.273,250.7,96.1,268.5,250.7,-0.0,79.81,0.00,1.000,neutral,running_slope,false
1756425408844,848.420,-217.013,78.094,1.335,7.423,-2.892,7.54,2.89,8.08,7.54,-0.00,0.268,296.9,113.9,318.0,296.9,-0.0,79.81,0.00,1.000,neutral,running_slope,false
1756425408873,848.473,-216.719,77.979,1.477,8.209,-3.198,8.34,3.20,8.93,8.34,-0.00,0.264,328.4,125.9,351.7,328.4,-0.0,79.81,0.00,1.000,neutral,running_slope,false
1756425408902,848.473,-216.719,77.979,1.034,5.746,-2.239,5.84,2.24,6.25,5.84,-0.00,0.263,229.9,88.1,246.2,229.9,-0.0,79.81,0.00,1.000,unknown,running_slope,false
1756425408931,848.525,-216.425,77.864,1.269,7.056,-2.749,7.17,2.75,7.68,7.17,-0.00,0.259,282.2,108.2,302.3,282.2,-0.0,79.81,0.00,1.000,neutral,running_slope,false
1756425408960,848.578,-216.131,77.750,1.434,7.974,-3.107,8.10,3.11,8.68,8.10,-0.00,0.255,319.0,122.3,341.6,319.0,-0.0,79.81,0.00,1.000,neutral,running_slope,false
1756425408989,848.631,-215.837,77.635,1.551,8.618,-3.358,8.76,3.36,9.38,8.76,-0.00,0.252,344.7,132.2,369.2,344.7,-0.0,79.81,0.00,1.000,forward,running_slope,false
1756425409019,848.631,-215.837,77.635,1.085,6.033,-2.350,6.13,2.35,6.56,6.13,-0.00,0.250,241.3,92.5,258.5,241.3,-0.0,79.81,0.00,1.000,unknown,running_slope,false
1756425409048,848.684,-215.543,77.521,1.305,7.257,-2.827,7.37,2.83,7.90,7.37,-0.00,0.246,290.3,111.3,310.9,290.3,-0.0,79.81,0.00,1.000,neutral,running_slope,false
1756425409077,848.737,-215.249,77.406,1.459,8.114,-3.161,8.24,3.16,8.83,8.24,-0.00,0.242,324.6,124.5,347.6,324.6,-0.0,79.81,0.00,1.000,neutral,running_slope,false
1756425409106,848.790,-214.955,77.292,1.567,8.711,-3.394,8.85,3.39,9.48,8.85,-0.00,0.240,348.5,133.6,373.2,348.5,-0.0,79.81,0.00,1.000,forward,running_slope,false
1756425409135,848.790,-214.955,77.292,1.097,6.098,-2.376,6.20,2.38,6.64,6.20,-0.00,0.238,243.9,93.5,261.2,243.9,-0.0,79.81,0.00,1.000,unknown,running_slope,false
1756425409164,848.843,-214.661,77.177,1.312,7.295,-2.842,7.41,2.84,7.94,7.41,-0.00,0.234,291.8,111.9,312.5,291.8,-0.0,79.81,0.00,1.000,neutral,running_slope,false
1756425409193,848.896,-214.367,77.063,1.457,8.097,-3.155,8.23,3.15,8.81,8.23,-0.00,0.231,323.9,124.2,346.9,323.9,-0.0,79.81,0.00,1.000,neutral,running_slope,false
1756425409222,848.896,-214.367,77.063,1.020,5.668,-2.208,5.76,2.21,6.17,5.76,-0.00,0.231,226.7,86.9,242.8,226.7,-0.0,79.81,0.00,1.000,unknown,running_slope,false
1756425409252,848.948,-214.073,76.948,1.259,7.002,-2.728,7.11,2.73,7.62,7.11,-0.00,0.228,280.1,107.4,300.0,280.1,-0.0,79.81,0.00,1.000,neutral,running_slope,false
1756425409281,849.001,-213.779,76.834,1.428,7.939,-3.093,8.07,3.09,8.64,8.07,-0.00,0.224,317.6,121.8,340.1,317.6,-0.0,79.81,0.00,1.000,neutral,running_slope,false
1756425409310,849.054,-213.485,76.719,1.546,8.594,-3.349,8.73,3.35,9.35,8.73,-0.00,0.222,343.8,131.8,368.2,343.8,-0.0,79.81,0.00,1.000,forward,running_slope,false
1756425409339,849.054,-213.485,76.719,1.082,6.016,-2.344,6.11,2.34,6.55,6.11,-0.00,0.221,240.7,92.3,257.7,240.7,-0.0,79.81,0.00,1.000,unknown,running_slope,false
1756425409368,849.107,-213.191,76.605,1.304,7.248,-2.824,7.36,2.82,7.89,7.36,-0.00,0.217,289.9,111.2,310.5,289.9,-0.0,79.81,0.00,1.000,neutral,running_slope,false
1756425409397,849.160,-212.897,76.490,1.459,8.109,-3.159,8.24,3.16,8.82,8.24,-0.00,0.214,324.4,124.4,347.4,324.4,-0.0,79.81,0.00,1.000,neutral,running_slope,false
1756425409426,849.160,-212.897,76.490,1.021,5.676,-2.212,5.77,2.21,6.18,5.77,-0.00,0.215,227.1,87.1,243.2,227.1,-0.0,79.81,0.00,1.000,unknown,running_slope,false
1756425409455,849.213,-212.603,76.375,1.258,6.997,-2.726,7.11,2.73,7.61,7.11,-0.00,0.212,279.9,107.3,299.7,279.9,-0.0,79.81,0.00,1.000,neutral,running_slope,false
1756425409484,849.266,-212.309,76.261,1.427,7.931,-3.090,8.06,3.09,8.63,8.06,-0.00,0.209,317.3,121.7,339.8,317.3,-0.0,79.81,0.00,1.000,neutral,running_slope,false
1756425409513,849.319,-212.015,76.146,1.545,8.588,-3.346,8.73,3.35,9.35,8.73,-0.00,0.207,343.5,131.7,367.9,343.5,-0.0,79.81,0.00,1.000,forward,running_slope,false
1756425409542,849.319,-212.015,76.146,1.081,6.012,-2.342,6.11,2.34,6.54,6.11,-0.00,0.207,240.5,92.2,257.6,240.5,-0.0,79.81,0.00,1.000,unknown,running_slope,false
1756425409571,849.372,-211.721,76.032,1.303,7.243,-2.822,7.36,2.82,7.88,7.36,-0.00,0.203,289.7,111.1,310.3,289.7,-0.0,79.81,0.00,1.000,neutral,running_slope,false
1756425409601,849.424,-211.427,75.917,1.442,8.019,-3.125,8.15,3.12,8.73,8.15,-0.00,0.200,320.8,123.0,343.6,320.8,-0.0,79.81,0.00,1.000,neutral,running_slope,false
1756425409630,849.424,-211.427,75.917,1.010,5.614,-2.187,5.70,2.19,6.11,5.70,-0.00,0.202,224.6,86.1,240.5,224.6,-0.0,79.81,0.00,1.000,unknown,running_slope,false
1756425409660,849.477,-211.133,75.803,1.244,6.914,-2.694,7.02,2.69,7.52,7.02,-0.00,0.199,276.6,106.0,296.2,276.6,-0.0,79.81,0.00,1.000,neutral,glide_neutral,false
1756425409689,849.530,-210.839,75.688,1.407,7.824,-3.048,7.95,3.05,8.51,7.95,-0.00,0.196,313.0,120.0,335.2,313.0,-0.0,79.81,0.00,1.000,neutral,glide_neutral,false
1756425409719,849.583,-210.545,75.574,1.532,8.513,-3.317,8.65,3.32,9.26,8.65,-0.00,0.194,340.5,130.6,364.7,340.5,-0.0,79.81,0.00,1.000,forward,glide_fwd,false
1756425409748,849.636,-210.251,75.459,1.617,8.992,-3.503,9.14,3.50,9.79,9.14,-0.00,0.195,359.7,137.9,385.2,359.7,-0.0,79.81,0.00,1.000,forward,glide_fwd,false
1756425409777,849.636,-210.251,75.459,1.132,6.294,-2.452,6.40,2.45,6.85,6.40,-0.00,0.194,251.8,96.6,269.7,251.8,-0.0,79.81,0.00,1.000,neutral,glide_neutral,false
1756425409806,849.689,-209.957,75.345,1.329,7.392,-2.880,7.51,2.88,8.04,7.51,-0.00,0.190,295.7,113.4,316.7,295.7,-0.0,79.81,0.00,1.000,neutral,glide_neutral,false
1756425409835,849.742,-209.663,75.230,1.477,8.209,-3.198,8.34,3.20,8.93,8.34,-0.00,0.188,328.4,125.9,351.7,328.4,-0.0,79.81,0.00,1.000,neutral,glide_neutral,false
1756425409864,849.795,-209.369,75.115,1.580,8.782,-3.422,8.92,3.42,9.56,8.92,-0.00,0.187,351.3,134.7,376.3,351.3,-0.0,79.81,0.00,1.000,forward,glide_fwd,false
1756425409894,849.795,-209.369,75.115,1.106,6.148,-2.395,6.25,2.40,6.69,6.25,-0.00,0.187,245.9,94.3,263.4,245.9,-0.0,79.81,0.00,1.000,unknown,unknown,false
1756425409923,849.848,-209.075,75.001,1.312,7.289,-2.840,7.41,2.84,7.93,7.41,-0.00,0.184,291.6,111.8,312.3,291.6,-0.0,79.81,0.00,1.000,neutral,glide_neutral,false
1756425409952,849.900,-208.781,74.886,1.464,8.137,-3.170,8.27,3.17,8.85,8.27,-0.00,0.182,325.5,124.8,348.6,325.5,-0.0,79.81,0.00,1.000,neutral,glide_neutral,false
1756425409981,849.900,-208.781,74.886,1.025,5.696,-2.219,5.79,2.22,6.20,5.79,-0.00,0.184,227.8,87.4,244.0,227.8,-0.0,79.81,0.00,1.000,unknown,unknown,false
1756425410010,849.953,-208.487,74.772,1.264,7.022,-2.736,7.14,2.74,7.64,7.14,-0.00,0.181,280.9,107.7,300.9,280.9,-0.0,79.81,0.00,1.000,neutral,glide_neutral,false
1756425410039,850.006,-208.193,74.657,1.430,7.950,-3.098,8.08,3.10,8.65,8.08,-0.00,0.179,318.0,122.0,340.6,318.0,-0.0,79.81,0.00,1.000,neutral,glide_neutral,false
1756425410068,850.059,-207.899,74.543,1.548,8.601,-3.351,8.74,3.35,9.36,8.74,-0.00,0.178,344.1,131.9,368.5,344.1,-0.0,79.81,0.00,1.000,forward,glide_fwd,false
1756425410098,850.059,-207.899,74.543,1.083,6.021,-2.346,6.12,2.35,6.55,6.12,-0.00,0.179,240.8,92.4,257.9,240.8,-0.0,79.81,0.00,1.000,unknown,unknown,false
1756425410128,850.112,-207.605,74.428,1.292,7.183,-2.799,7.30,2.80,7.82,7.30,-0.00,0.176,287.3,110.2,307.7,287.3,-0.0,79.81,0.00,1.000,neutral,glide_neutral,false
1756425410157,850.165,-207.311,74.314,1.444,8.025,-3.127,8.15,3.13,8.73,8.15,-0.00,0.173,321.0,123.1,343.8,321.0,-0.0,79.81,0.00,1.000,neutral,glide_neutral,false
1756425410186,850.165,-207.311,74.314,1.011,5.618,-2.189,5.71,2.19,6.11,5.71,-0.00,0.177,224.7,86.2,240.7,224.7,-0.0,79.81,0.00,1.000,unknown,unknown,false
1756425410215,850.218,-207.017,74.199,1.253,6.967,-2.715,7.08,2.71,7.58,7.08,-0.00,0.174,278.7,106.9,298.5,278.7,-0.0,79.81,0.00,1.000,neutral,glide_neutral,false
1756425410245,850.271,-206.723,74.085,1.414,7.862,-3.063,7.99,3.06,8.55,7.99,-0.00,0.171,314.5,120.6,336.8,314.5,-0.0,79.81,0.00,1.000,neutral,glide_neutral,false
1756425410274,850.323,-206.429,73.970,1.536,8.537,-3.326,8.67,3.33,9.29,8.67,-0.00,0.170,341.5,131.0,365.8,341.5,-0.0,79.81,0.00,1.000,forward,glide_fwd,false
1756425410303,850.323,-206.429,73.970,1.075,5.976,-2.328,6.07,2.33,6.50,6.07,-0.00,0.172,239.1,91.7,256.0,239.1,-0.0,79.81,0.00,1.000,unknown,unknown,false
1756425410332,850.376,-206.135,73.856,1.291,7.178,-2.796,7.29,2.80,7.81,7.29,-0.00,0.169,287.1,110.1,307.5,287.1,-0.0,79.81,0.00,1.000,neutral,glide_neutral,false
1756425410361,850.429,-205.841,73.741,1.450,8.060,-3.140,8.19,3.14,8.77,8.19,-0.00,0.167,322.4,123.6,345.3,322.4,-0.0,79.81,0.00,1.000,neutral,glide_neutral,false
1756425410390,850.482,-205.547,73.626,1.561,8.680,-3.382,8.82,3.38,9.45,8.82,-0.00,0.166,347.2,133.1,371.9,347.2,-0.0,79.81,0.00,1.000,forward,glide_fwd,false
1756425410419,850.482,-205.547,73.626,1.093,6.076,-2.367,6.17,2.37,6.61,6.17,-0.00,0.167,243.1,93.2,260.3,243.1,-0.0,79.81,0.00,1.000,unknown,unknown,false
1756425410449,850.535,-205.253,73.512,1.309,7.274,-2.834,7.39,2.83,7.92,7.39,-0.00,0.165,291.0,111.6,311.6,291.0,-0.0,79.81,0.00,1.000,neutral,glide_neutral,false
1756425410478,850.588,-204.959,73.397,1.462,8.128,-3.167,8.26,3.17,8.84,8.26,-0.00,0.163,325.1,124.7,348.2,325.1,-0.0,79.81,0.00,1.000,neutral,glide_neutral,false
1756425410507,850.641,-204.665,73.283,1.569,8.722,-3.398,8.86,3.40,9.49,8.86,-0.00,0.163,348.9,133.8,373.7,348.9,-0.0,79.81,0.00,1.000,forward,glide_fwd,false
1756425410536,850.641,-204.665,73.283,1.099,6.106,-2.379,6.20,2.38,6.64,6.20,-0.00,0.164,244.2,93.7,261.6,244.2,-0.0,79.81,0.00,1.000,unknown,unknown,false
1756425410565,850.694,-204.371,73.168,1.316,7.315,-2.850,7.43,2.85,7.96,7.43,-0.00,0.161,292.6,112.2,313.4,292.6,-0.0,79.81,0.00,1.000,neutral,glide_neutral,false
1756425410594,850.747,-204.077,73.054,1.467,8.157,-3.178,8.29,3.18,8.88,8.29,-0.00,0.159,326.3,125.1,349.5,326.3,-0.0,79.81,0.00,1.000,neutral,glide_neutral,false
1756425410623,850.747,-204.077,73.054,1.027,5.710,-2.225,5.80,2.22,6.21,5.80,-0.00,0.162,228.4,87.6,244.6,228.4,-0.0,79.81,0.00,1.000,unknown,unknown,false
1756425410653,850.799,-203.783,72.939,1.265,7.032,-2.740,7.15,2.74,7.65,7.15,-0.00,0.160,281.3,107.9,301.3,281.3,-0.0,79.81,0.00,1.000,neutral,glide_neutral,false
1756425410681,850.852,-203.489,72.825,1.431,7.957,-3.100,8.08,3.10,8.66,8.08,-0.00,0.158,318.3,122.1,340.9,318.3,-0.0,79.81,0.00,1.000,neutral,glide_neutral,false
1756425410714,850.905,-203.195,72.710,1.489,8.279,-3.226,8.41,3.23,9.01,8.41,-0.00,0.156,331.2,127.0,354.7,331.2,-0.0,79.81,0.00,1.000,neutral,glide_neutral,false
1756425410743,850.905,-203.195,72.710,1.043,5.795,-2.258,5.89,2.26,6.31,5.89,-0.00,0.159,231.8,88.9,248.3,231.8,-0.0,79.81,0.00,1.000,unknown,unknown,false
1756425410773,850.958,-202.901,72.596,1.266,7.041,-2.743,7.15,2.74,7.66,7.15,-0.00,0.157,281.7,108.0,301.7,281.7,-0.0,79.81,0.00,1.000,neutral,glide_neutral,false
1756425410802,851.011,-202.607,72.481,1.423,7.910,-3.082,8.04,3.08,8.61,8.04,-0.00,0.155,316.4,121.3,338.9,316.4,-0.0,79.81,0.00,1.000,neutral,glide_neutral,false
1756425410831,851.064,-202.313,72.366,1.543,8.579,-3.342,8.72,3.34,9.34,8.72,-0.00,0.154,343.2,131.6,367.5,343.2,-0.0,79.81,0.00,1.000,forward,glide_fwd,false
1756425410860,851.064,-202.313,72.366,1.080,6.005,-2.340,6.10,2.34,6.53,6.10,-0.00,0.156,240.2,92.1,257.3,240.2,-0.0,79.81,0.00,1.000,unknown,unknown,false
1756425410889,851.117,-202.019,72.252,1.303,7.241,-2.821,7.36,2.82,7.88,7.36,-0.00,0.154,289.6,111.1,310.2,289.6,-0.0,79.81,0.00,1.000,neutral,glide_neutral,false
1756425410918,851.170,-201.725,72.137,1.458,8.105,-3.158,8.24,3.16,8.82,8.24,-0.00,0.152,324.2,124.3,347.2,324.2,-0.0,79.81,0.00,1.000,neutral,glide_neutral,false
1756425410948,851.222,-201.431,72.023,1.566,8.707,-3.392,8.85,3.39,9.47,8.85,-0.00,0.152,348.3,133.6,373.0,348.3,-0.0,79.81,0.00,1.000,forward,glide_fwd,false
1756425410977,851.222,-201.431,72.023,1.096,6.095,-2.375,6.19,2.37,6.63,6.19,-0.00,0.154,243.8,93.5,261.1,243.8,-0.0,79.81,0.00,1.000,unknown,unknown,false
1756425411006,851.275,-201.137,71.908,1.313,7.300,-2.844,7.42,2.84,7.94,7.42,-0.00,0.151,292.0,112.0,312.7,292.0,-0.0,79.81,0.00,1.000,neutral,glide_neutral,false
1756425411035,851.328,-200.844,71.794,1.456,8.095,-3.154,8.22,3.15,8.81,8.22,-0.00,0.149,323.8,124.2,346.8,323.8,-0.0,79.81,0.00,1.000,neutral,glide_neutral,false
1756425411064,851.328,-200.844,71.794,1.019,5.666,-2.208,5.76,2.21,6.17,5.76,-0.00,0.153,226.7,86.9,242.8,226.7,-0.0,79.81,0.00,1.000,unknown,unknown,false
1756425411093,851.381,-200.550,71.679,1.260,7.004,-2.729,7.12,2.73,7.62,7.12,-0.00,0.151,280.2,107.4,300.1,280.2,-0.0,79.81,0.00,1.000,neutral,glide_neutral,false
1756425411122,851.434,-200.256,71.565,1.428,7.939,-3.093,8.07,3.09,8.64,8.07,-0.00,0.149,317.6,121.8,340.1,317.6,-0.0,79.81,0.00,1.000,neutral,glide_neutral,false
1756425411151,851.487,-199.962,71.450,1.546,8.591,-3.347,8.73,3.35,9.35,8.73,-0.00,0.149,343.7,131.8,368.1,343.7,-0.0,79.81,0.00,1.000,forward,glide_fwd,false
1756425411181,851.487,-199.962,71.450,1.082,6.014,-2.343,6.11,2.34,6.54,6.11,-0.00,0.151,240.6,92.2,257.6,240.6,-0.0,79.81,0.00,1.000,unknown,unknown,false
1756425411210,851.540,-199.668,71.336,1.303,7.247,-2.823,7.36,2.82,7.89,7.36,-0.00,0.149,289.9,111.2,310.5,289.9,-0.0,79.81,0.00,1.000,neutral,glide_neutral,false
1756425411239,851.593,-199.374,71.221,1.459,8.109,-3.159,8.24,3.16,8.82,8.24,-0.00,0.147,324.4,124.4,347.4,324.4,-0.0,79.81,0.00,1.000,neutral,glide_neutral,false
1756425411268,851.646,-199.080,71.106,1.567,8.710,-3.394,8.85,3.39,9.48,8.85,-0.00,0.148,348.4,133.6,373.1,348.4,-0.0,79.81,0.00,1.000,forward,glide_fwd,false
1756425411297,851.646,-199.080,71.106,1.097,6.097,-2.375,6.19,2.38,6.63,6.19,-0.00,0.149,243.9,93.5,261.2,243.9,-0.0,79.81,0.00,1.000,unknown,unknown,false
1756425411326,851.698,-198.786,70.992,1.313,7.304,-2.846,7.42,2.85,7.95,7.42,-0.00,0.147,292.2,112.0,312.9,292.2,-0.0,79.81,0.00,1.000,neutral,glide_neutral,false
1756425411355,851.751,-198.492,70.877,1.465,8.146,-3.174,8.28,3.17,8.86,8.28,-0.00,0.145,325.9,125.0,349.0,325.9,-0.0,79.81,0.00,1.000,neutral,glide_neutral,false
1756425411384,851.751,-198.492,70.877,1.026,5.702,-2.222,5.79,2.22,6.21,5.79,-0.00,0.149,228.1,87.5,244.3,228.1,-0.0,79.81,0.00,1.000,unknown,unknown,false
1756425411413,851.804,-198.198,70.763,1.264,7.027,-2.738,7.14,2.74,7.65,7.14,-0.00,0.147,281.1,107.8,301.1,281.1,-0.0,79.81,0.00,1.000,neutral,glide_neutral,false
1756425411443,851.857,-197.904,70.648,1.428,7.937,-3.093,8.06,3.09,8.64,8.06,-0.00,0.145,317.5,121.8,340.1,317.5,-0.0,79.81,0.00,1.000,neutral,glide_neutral,false
1756425411472,851.910,-197.610,70.534,1.545,8.592,-3.348,8.73,3.35,9.35,8.73,-0.00,0.145,343.7,131.8,368.1,343.7,-0.0,79.81,0.00,1.000,forward,glide_fwd,false
1756425411501,851.910,-197.610,70.534,1.082,6.014,-2.343,6.11,2.34,6.54,6.11,-0.00,0.147,240.6,92.3,257.7,240.6,-0.0,79.81,0.00,1.000,unknown,unknown,false
1756425411530,851.963,-197.316,70.419,1.304,7.248,-2.824,7.36,2.82,7.89,7.36,-0.00,0.145,289.9,111.2,310.5,289.9,-0.0,79.81,0.00,1.000,neutral,glide_neutral,false
1756425411559,852.016,-197.022,70.305,1.458,8.108,-3.159,8.24,3.16,8.82,8.24,-0.00,0.143,324.3,124.4,347.3,324.3,-0.0,79.81,0.00,1.000,neutral,glide_neutral,false
1756425411588,852.069,-196.728,70.190,1.567,8.711,-3.394,8.85,3.39,9.48,8.85,-0.00,0.144,348.5,133.6,373.2,348.5,-0.0,79.81,0.00,1.000,forward,glide_fwd,false
1756425411618,852.069,-196.728,70.190,1.097,6.098,-2.376,6.20,2.38,6.64,6.20,-0.00,0.146,243.9,93.5,261.2,243.9,-0.0,79.81,0.00,1.000,unknown,unknown,false
1756425411647,852.122,-196.434,70.076,1.313,7.300,-2.844,7.42,2.84,7.94,7.42,-0.00,0.143,292.0,112.0,312.8,292.0,-0.0,79.81,0.00,1.000,neutral,glide_neutral,false
1756425411676,852.174,-196.140,69.961,1.456,8.094,-3.154,8.22,3.15,8.81,8.22,-0.00,0.142,323.8,124.2,346.8,323.8,-0.0,79.81,0.00,1.000,neutral,glide_neutral,false
1756425411706,852.174,-196.140,69.961,1.019,5.666,-2.208,5.76,2.21,6.17,5.76,-0.00,0.147,226.7,86.9,242.7,226.7,-0.0,79.81,0.00,1.000,unknown,unknown,false
1756425411735,852.227,-195.846,69.847,1.250,6.950,-2.708,7.06,2.71,7.56,7.06,-0.00,0.145,278.0,106.6,297.8,278.0,-0.0,79.81,0.00,1.000,neutral,glide_neutral,false
1756425411765,852.280,-195.552,69.732,1.412,7.848,-3.058,7.97,3.06,8.54,7.97,-0.00,0.142,313.9,120.4,336.2,313.9,-0.0,79.81,0.00,1.000,neutral,glide_neutral,false
1756425411794,852.333,-195.258,69.617,1.535,8.533,-3.325,8.67,3.32,9.29,8.67,-0.00,0.142,341.3,130.9,365.6,341.3,-0.0,79.81,0.00,1.000,forward,glide_fwd,false
1756425411823,852.333,-195.258,69.617,1.075,5.973,-2.327,6.07,2.33,6.50,6.07,-0.00,0.145,238.9,91.6,255.9,238.9,-0.0,79.81,0.00,1.000,unknown,unknown,false
1756425411852,852.386,-194.964,69.503,1.289,7.167,-2.792,7.28,2.79,7.80,7.28,-0.00,0.143,286.7,109.9,307.0,286.7,-0.0,79.81,0.00,1.000,neutral,glide_neutral,false
1756425411881,852.439,-194.670,69.388,1.449,8.053,-3.138,8.18,3.14,8.76,8.18,-0.00,0.141,322.1,123.5,345.0,322.1,-0.0,79.81,0.00,1.000,neutral,glide_neutral,false
1756425411912,852.439,-194.670,69.388,1.014,5.637,-2.196,5.73,2.20,6.13,5.73,-0.00,0.146,225.5,86.5,241.5,225.5,-0.0,79.81,0.00,1.000,unknown,unknown,false
1756425411942,852.492,-194.376,69.274,1.251,6.957,-2.710,7.07,2.71,7.57,7.07,-0.00,0.144,278.3,106.7,298.0,278.3,-0.0,79.81,0.00,1.000,neutral,glide_neutral,false
1756425411971,852.545,-194.082,69.159,1.413,7.855,-3.061,7.98,3.06,8.55,7.98,-0.00,0.142,314.2,120.5,336.5,314.2,-0.0,79.81,0.00,1.000,neutral,glide_neutral,false
1756425412000,852.597,-193.788,69.045,1.535,8.534,-3.325,8.67,3.32,9.29,8.67,-0.00,0.142,341.4,130.9,365.6,341.4,-0.0,79.81,0.00,1.000,forward,glide_fwd,false
1756425412029,852.650,-193.494,68.930,1.621,9.012,-3.511,9.16,3.51,9.81,9.16,-0.00,0.144,360.5,138.2,386.1,360.5,-0.0,79.81,0.00,1.000,forward,glide_fwd,false
1756425412058,852.650,-193.494,68.930,1.135,6.309,-2.458,6.41,2.46,6.86,6.41,-0.00,0.145,252.4,96.8,270.3,252.4,-0.0,79.81,0.00,1.000,neutral,glide_neutral,false
1756425412087,852.703,-193.200,68.816,1.341,7.451,-2.903,7.57,2.90,8.11,7.57,-0.00,0.143,298.1,114.3,319.2,298.1,-0.0,79.81,0.00,1.000,neutral,glide_neutral,false
1756425412116,852.756,-192.906,68.701,1.485,8.253,-3.216,8.39,3.22,8.98,8.39,-0.00,0.141,330.2,126.6,353.6,330.2,-0.0,79.81,0.00,1.000,neutral,glide_neutral,false
1756425412146,852.756,-192.906,68.701,1.039,5.777,-2.251,5.87,2.25,6.29,5.87,-0.00,0.145,231.1,88.6,247.5,231.1,-0.0,79.81,0.00,1.000,unknown,unknown,false
1756425412175,852.809,-192.612,68.587,1.264,7.027,-2.738,7.14,2.74,7.65,7.14,-0.00,0.143,281.1,107.8,301.1,281.1,-0.0,79.81,0.00,1.000,neutral,glide_neutral,false
1756425412204,852.862,-192.318,68.472,1.431,7.956,-3.100,8.08,3.10,8.66,8.08,-0.00,0.141,318.3,122.0,340.9,318.3,-0.0,79.81,0.00,1.000,neutral,glide_neutral,false
1756425412233,852.915,-192.024,68.357,1.548,8.606,-3.353,8.74,3.35,9.36,8.74,-0.00,0.142,344.3,132.0,368.7,344.3,-0.0,79.81,0.00,1.000,forward,glide_fwd,false
1756425412262,852.915,-192.024,68.357,1.084,6.024,-2.347,6.12,2.35,6.56,6.12,-0.00,0.144,241.0,92.4,258.1,241.0,-0.0,79.81,0.00,1.000,unknown,unknown,false
1756425412291,852.968,-191.730,68.243,1.305,7.254,-2.826,7.37,2.83,7.89,7.37,-0.00,0.142,290.2,111.3,310.8,290.2,-0.0,79.81,0.00,1.000,neutral,glide_neutral,false
1756425412321,853.021,-191.436,68.128,1.451,8.062,-3.141,8.19,3.14,8.77,8.19,-0.00,0.140,322.5,123.7,345.4,322.5,-0.0,79.81,0.00,1.000,neutral,glide_neutral,false
1756425412350,853.073,-191.142,68.014,1.561,8.681,-3.382,8.82,3.38,9.45,8.82,-0.00,0.140,347.2,133.2,371.9,347.2,-0.0,79.81,0.00,1.000,forward,glide_fwd,false
1756425412379,853.073,-191.142,68.014,1.093,6.076,-2.368,6.17,2.37,6.61,6.17,-0.00,0.143,243.1,93.2,260.3,243.1,-0.0,79.81,0.00,1.000,unknown,unknown,false
1756425412408,853.126,-190.848,67.899,1.312,7.291,-2.841,7.41,2.84,7.93,7.41,-0.00,0.140,291.6,111.8,312.3,291.6,-0.0,79.81,0.00,1.000,neutral,glide_neutral,false
1756425412437,853.179,-190.554,67.785,1.462,8.126,-3.166,8.26,3.17,8.84,8.26,-0.00,0.139,325.1,124.7,348.2,325.1,-0.0,79.81,0.00,1.000,neutral,glide_neutral,false
1756425412467,853.232,-190.260,67.670,1.569,8.725,-3.399,8.86,3.40,9.49,8.86,-0.00,0.139,349.0,133.8,373.8,349.0,-0.0,79.81,0.00,1.000,forward,glide_fwd,false
1756425412496,853.232,-190.260,67.670,1.098,6.107,-2.379,6.21,2.38,6.65,6.21,-0.00,0.142,244.3,93.7,261.6,244.3,-0.0,79.81,0.00,1.000,unknown,unknown,false
1756425412526,853.285,-189.966,67.556,1.308,7.269,-2.832,7.39,2.83,7.91,7.39,-0.00,0.139,290.8,111.5,311.4,290.8,-0.0,79.81,0.00,1.000,neutral,glide_neutral,false
1756425412555,853.338,-189.672,67.441,1.460,8.119,-3.163,8.25,3.16,8.84,8.25,-0.00,0.138,324.8,124.5,347.8,324.8,-0.0,79.81,0.00,1.000,neutral,glide_neutral,false
1756425412584,853.338,-189.672,67.441,1.022,5.683,-2.214,5.77,2.21,6.18,5.77,-0.00,0.143,227.3,87.2,243.5,227.3,-0.0,79.81,0.00,1.000,unknown,unknown,false
1756425412613,853.391,-189.378,67.327,1.262,7.015,-2.733,7.13,2.73,7.63,7.13,-0.00,0.141,280.6,107.6,300.5,280.6,-0.0,79.81,0.00,1.000,neutral,glide_neutral,false
1756425412642,853.444,-189.084,67.212,1.428,7.940,-3.094,8.07,3.09,8.64,8.07,-0.00,0.139,317.6,121.8,340.2,317.6,-0.0,79.81,0.00,1.000,neutral,glide_neutral,false
1756425412671,853.497,-188.790,67.098,1.546,8.595,-3.349,8.73,3.35,9.35,8.73,-0.00,0.139,343.8,131.8,368.2,343.8,-0.0,79.81,0.00,1.000,forward,glide_fwd,false
1756425412701,853.497,-188.790,67.098,1.083,6.017,-2.344,6.11,2.34,6.55,6.11,-0.00,0.142,240.7,92.3,257.8,240.7,-0.0,79.81,0.00,1.000,unknown,unknown,false
1756425412730,853.549,-188.496,66.983,1.302,7.241,-2.821,7.36,2.82,7.88,7.36,-0.00,0.139,289.7,111.1,310.2,289.7,-0.0,79.81,0.00,1.000,neutral,glide_neutral,false
1756425412759,853.602,-188.202,66.868,1.450,8.057,-3.139,8.19,3.14,8.77,8.19,-0.00,0.138,322.3,123.6,345.2,322.3,-0.0,79.81,0.00,1.000,neutral,glide_neutral,false
1756425412788,853.655,-187.908,66.754,1.561,8.677,-3.381,8.82,3.38,9.44,8.82,-0.00,0.138,347.1,133.1,371.7,347.1,-0.0,79.81,0.00,1.000,forward,glide_fwd,false
1756425412817,853.655,-187.908,66.754,1.093,6.074,-2.366,6.17,2.37,6.61,6.17,-0.00,0.141,243.0,93.2,260.2,243.0,-0.0,79.81,0.00,1.000,unknown,unknown,false
1756425412847,853.708,-187.614,66.639,1.301,7.235,-2.819,7.35,2.82,7.87,7.35,-0.00,0.138,289.4,111.0,310.0,289.4,-0.0,79.81,0.00,1.000,neutral,glide_neutral,false
1756425412876,853.761,-187.320,66.525,1.448,8.050,-3.137,8.18,3.14,8.76,8.18,-0.00,0.137,322.0,123.5,344.9,322.0,-0.0,79.81,0.00,1.000,neutral,glide_neutral,false
1756425412905,853.814,-187.026,66.410,1.560,8.672,-3.379,8.81,3.38,9.44,8.81,-0.00,0.137,346.9,133.0,371.5,346.9,-0.0,79.81,0.00,1.000,forward,glide_fwd,false
1756425412935,853.814,-187.026,66.410,1.092,6.070,-2.365,6.17,2.37,6.61,6.17,-0.00,0.140,242.8,93.1,260.1,242.8,-0.0,79.81,0.00,1.000,unknown,unknown,false
1756425412965,853.867,-186.732,66.296,1.289,7.164,-2.791,7.28,2.79,7.80,7.28,-0.00,0.137,286.6,109.9,306.9,286.6,-0.0,79.81,0.00,1.000,neutral,glide_neutral,false
1756425412995,853.867,-186.732,66.296,0.902,5.015,-1.954,5.10,1.95,5.46,5.10,-0.00,0.148,200.6,76.9,214.9,200.6,-0.0,79.81,0.00,1.000,unknown,unknown,false
1756425413024,853.920,-186.438,66.181,1.174,6.528,-2.544,6.63,2.54,7.10,6.63,-0.00,0.148,261.1,100.1,279.7,261.1,-0.0,79.81,0.00,1.000,neutral,glide_neutral,false
1756425413054,853.972,-186.144,66.067,1.359,7.555,-2.944,7.68,2.94,8.22,7.68,-0.00,0.145,302.2,115.9,323.7,302.2,-0.0,79.81,0.00,1.000,neutral,glide_neutral,false
1756425413083,854.025,-185.850,65.952,1.497,8.323,-3.243,8.46,3.24,9.06,8.46,-0.00,0.144,332.9,127.7,356.6,332.9,-0.0,79.81,0.00,1.000,forward,glide_fwd,false
1756425413112,854.078,-185.556,65.838,1.590,8.837,-3.443,8.98,3.44,9.62,8.98,-0.00,0.146,353.5,135.5,378.6,353.5,-0.0,79.81,0.00,1.000,forward,glide_fwd,false
1756425413141,854.078,-185.556,65.838,1.113,6.186,-2.410,6.28,2.41,6.73,6.28,-0.00,0.147,247.4,94.9,265.0,247.4,-0.0,79.81,0.00,1.000,unknown,unknown,false
1756425413170,854.131,-185.262,65.723,1.325,7.365,-2.870,7.48,2.87,8.01,7.48,-0.00,0.144,294.6,113.0,315.5,294.6,-0.0,79.81,0.00,1.000,neutral,glide_neutral,false
1756425413199,854.184,-184.968,65.608,1.473,8.191,-3.191,8.32,3.19,8.91,8.32,-0.00,0.143,327.7,125.6,350.9,327.7,-0.0,79.81,0.00,1.000,neutral,glide_neutral,false
1756425413228,854.237,-184.674,65.494,1.576,8.763,-3.414,8.90,3.41,9.54,8.90,-0.00,0.144,350.5,134.4,375.4,350.5,-0.0,79.81,0.00,1.000,forward,glide_fwd,false
1756425413258,854.237,-184.674,65.494,1.103,6.134,-2.390,6.23,2.39,6.68,6.23,-0.00,0.146,245.4,94.1,262.8,245.4,-0.0,79.81,0.00,1.000,unknown,unknown,false
1756425413287,854.290,-184.380,65.379,1.318,7.326,-2.854,7.44,2.85,7.97,7.44,-0.00,0.143,293.1,112.4,313.9,293.1,-0.0,79.81,0.00,1.000,neutral,glide_neutral,false
1756425413316,854.343,-184.086,65.265,1.460,8.116,-3.162,8.25,3.16,8.83,8.25,-0.00,0.141,324.6,124.5,347.7,324.6,-0.0,79.81,0.00,1.000,neutral,glide_neutral,false
1756425413346,854.343,-184.086,65.265,1.022,5.681,-2.213,5.77,2.21,6.18,5.77,-0.00,0.146,227.3,87.1,243.4,227.3,-0.0,79.81,0.00,1.000,unknown,unknown,false
1756425413375,854.396,-183.792,65.150,1.261,7.012,-2.732,7.12,2.73,7.63,7.12,-0.00,0.144,280.5,107.6,300.4,280.5,-0.0,79.81,0.00,1.000,neutral,glide_neutral,false
1756425413403,854.448,-183.498,65.036,1.429,7.943,-3.095,8.07,3.09,8.64,8.07,-0.00,0.142,317.7,121.8,340.3,317.7,-0.0,79.81,0.00,1.000,neutral,glide_neutral,false
1756425413433,854.501,-183.204,64.921,1.546,8.597,-3.349,8.73,3.35,9.35,8.73,-0.00,0.142,343.9,131.9,368.3,343.9,-0.0,79.81,0.00,1.000,forward,glide_fwd,false
1756425413462,854.501,-183.204,64.921,1.082,6.018,-2.345,6.11,2.34,6.55,6.11,-0.00,0.145,240.7,92.3,257.8,240.7,-0.0,79.81,0.00,1.000,unknown,unknown,false
1756425413491,854.554,-182.910,64.807,1.298,7.215,-2.811,7.33,2.81,7.85,7.33,-0.00,0.142,288.6,110.7,309.1,288.6,-0.0,79.81,0.00,1.000,neutral,glide_neutral,false
1756425413520,854.607,-182.616,64.692,1.454,8.086,-3.150,8.22,3.15,8.80,8.22,-0.00,0.141,323.5,124.0,346.4,323.5,-0.0,79.81,0.00,1.000,neutral,glide_neutral,false
1756425413550,854.660,-182.322,64.578,1.555,8.645,-3.368,8.78,3.37,9.41,8.78,-0.00,0.141,345.8,132.6,370.4,345.8,-0.0,79.81,0.00,1.000,forward,glide_fwd,false
1756425413580,854.660,-182.322,64.578,1.088,6.052,-2.358,6.15,2.36,6.59,6.15,-0.00,0.143,242.1,92.8,259.3,242.1,-0.0,79.81,0.00,1.000,unknown,unknown,false
1756425413609,854.713,-182.028,64.463,1.299,7.220,-2.813,7.34,2.81,7.86,7.34,-0.00,0.141,288.8,110.8,309.3,288.8,-0.0,79.81,0.00,1.000,neutral,glide_neutral,false
1756425413639,854.766,-181.734,64.349,1.446,8.039,-3.132,8.17,3.13,8.75,8.17,-0.00,0.139,321.6,123.3,344.4,321.6,-0.0,79.81,0.00,1.000,neutral,glide_neutral,false
1756425413668,854.819,-181.440,64.234,1.558,8.662,-3.375,8.80,3.37,9.43,8.80,-0.00,0.140,346.5,132.9,371.1,346.5,-0.0,79.81,0.00,1.000,forward,glide_fwd,false
1756425413697,854.819,-181.440,64.234,1.091,6.064,-2.362,6.16,2.36,6.60,6.16,-0.00,0.142,242.6,93.0,259.8,242.6,-0.0,79.81,0.00,1.000,unknown,unknown,false
1756425413727,854.871,-181.146,64.119,1.297,7.213,-2.810,7.33,2.81,7.85,7.33,-0.00,0.140,288.6,110.6,309.0,288.6,-0.0,79.81,0.00,1.000,neutral,glide_neutral,false
1756425413756,854.924,-180.852,64.005,1.447,8.045,-3.135,8.17,3.13,8.75,8.17,-0.00,0.138,321.8,123.4,344.7,321.8,-0.0,79.81,0.00,1.000,neutral,glide_neutral,false
1756425413786,854.977,-180.559,63.890,1.559,8.665,-3.376,8.80,3.38,9.43,8.80,-0.00,0.138,346.6,132.9,371.2,346.6,-0.0,79.81,0.00,1.000,forward,glide_fwd,false
1756425413815,854.977,-180.559,63.890,1.091,6.065,-2.363,6.16,2.36,6.60,6.16,-0.00,0.141,242.6,93.0,259.9,242.6,-0.0,79.81,0.00,1.000,unknown,unknown,false
1756425413845,855.030,-180.265,63.776,1.301,7.229,-2.816,7.34,2.82,7.87,7.34,-0.00,0.139,289.2,110.9,309.7,289.2,-0.0,79.81,0.00,1.000,neutral,glide_neutral,false
1756425413874,855.083,-179.971,63.661,1.455,8.089,-3.152,8.22,3.15,8.80,8.22,-0.00,0.137,323.6,124.1,346.5,323.6,-0.0,79.81,0.00,1.000,neutral,glide_neutral,false
1756425413903,855.083,-179.971,63.661,1.018,5.662,-2.206,5.75,2.21,6.16,5.75,-0.00,0.142,226.5,86.9,242.6,226.5,-0.0,79.81,0.00,1.000,unknown,unknown,false
1756425413932,855.136,-179.677,63.547,1.258,6.995,-2.725,7.11,2.73,7.61,7.11,-0.00,0.140,279.8,107.3,299.7,279.8,-0.0,79.81,0.00,1.000,neutral,glide_neutral,false
1756425413961,855.189,-179.383,63.432,1.418,7.879,-3.070,8.01,3.07,8.57,8.01,-0.00,0.138,315.2,120.9,337.6,315.2,-0.0,79.81,0.00,1.000,neutral,glide_neutral,false
1756425413991,855.242,-179.089,63.318,1.538,8.552,-3.332,8.69,3.33,9.31,8.69,-0.00,0.138,342.1,131.2,366.4,342.1,-0.0,79.81,0.00,1.000,forward,glide_fwd,false
1756425414020,855.242,-179.089,63.318,1.077,5.986,-2.332,6.08,2.33,6.51,6.08,-0.00,0.141,239.5,91.8,256.5,239.5,-0.0,79.81,0.00,1.000,unknown,unknown,false
1756425414050,855.295,-178.795,63.203,1.291,7.173,-2.795,7.29,2.79,7.81,7.29,-0.00,0.139,286.9,110.0,307.3,286.9,-0.0,79.81,0.00,1.000,neutral,glide_neutral,false
1756425414079,855.347,-178.501,63.089,1.449,8.057,-3.139,8.19,3.14,8.77,8.19,-0.00,0.137,322.3,123.6,345.2,322.3,-0.0,79.81,0.00,1.000,neutral,glide_neutral,false
1756425414108,855.400,-178.207,62.974,1.560,8.672,-3.379,8.81,3.38,9.44,8.81,-0.00,0.138,346.9,133.0,371.5,346.9,-0.0,79.81,0.00,1.000,forward,glide_fwd,false
1756425414137,855.400,-178.207,62.974,1.092,6.071,-2.365,6.17,2.37,6.61,6.17,-0.00,0.140,242.8,93.1,260.1,242.8,-0.0,79.81,0.00,1.000,unknown,unknown,false
1756425414167,855.453,-177.913,62.859,1.301,7.231,-2.817,7.35,2.82,7.87,7.35,-0.00,0.138,289.2,110.9,309.8,289.2,-0.0,79.81,0.00,1.000,neutral,glide_neutral,false
1756425414196,855.506,-177.619,62.745,1.457,8.097,-3.155,8.23,3.15,8.81,8.23,-0.00,0.136,323.9,124.2,346.9,323.9,-0.0,79.81,0.00,1.000,neutral,glide_neutral,false
1756425414225,855.559,-177.325,62.630,1.564,8.693,-3.387,8.83,3.39,9.46,8.83,-0.00,0.137,347.8,133.4,372.4,347.8,-0.0,79.81,0.00,1.000,forward,glide_fwd,false
1756425414255,855.559,-177.325,62.630,1.095,6.085,-2.371,6.18,2.37,6.62,6.18,-0.00,0.139,243.4,93.3,260.7,243.4,-0.0,79.81,0.00,1.000,unknown,unknown,false
1756425414284,855.612,-177.031,62.516,1.303,7.243,-2.822,7.36,2.82,7.88,7.36,-0.00,0.137,289.7,111.1,310.3,289.7,-0.0,79.81,0.00,1.000,neutral,glide_neutral,false
1756425414313,855.665,-176.737,62.401,1.457,8.102,-3.157,8.23,3.16,8.82,8.23,-0.00,0.136,324.1,124.3,347.1,324.1,-0.0,79.81,0.00,1.000,neutral,glide_neutral,false
1756425414342,855.665,-176.737,62.401,1.020,5.671,-2.210,5.76,2.21,6.17,5.76,-0.00,0.141,226.9,87.0,243.0,226.9,-0.0,79.81,0.00,1.000,unknown,unknown,false
1756425414372,855.718,-176.443,62.287,1.250,6.953,-2.709,7.06,2.71,7.57,7.06,-0.00,0.139,278.1,106.7,297.9,278.1,-0.0,79.81,0.00,1.000,neutral,glide_neutral,false
1756425414401,855.771,-176.149,62.172,1.422,7.903,-3.079,8.03,3.08,8.60,8.03,-0.00,0.137,316.1,121.2,338.6,316.1,-0.0,79.81,0.00,1.000,neutral,glide_neutral,false
1756425414430,855.823,-175.855,62.058,1.541,8.567,-3.338,8.70,3.34,9.32,8.70,-0.00,0.137,342.7,131.4,367.0,342.7,-0.0,79.81,0.00,1.000,forward,glide_fwd,false
1756425414460,855.823,-175.855,62.058,1.079,5.997,-2.336,6.09,2.34,6.53,6.09,-0.00,0.140,239.9,92.0,256.9,239.9,-0.0,79.81,0.00,1.000,unknown,unknown,false
1756425414489,855.876,-175.561,61.943,1.301,7.233,-2.818,7.35,2.82,7.87,7.35,-0.00,0.138,289.3,111.0,309.9,289.3,-0.0,79.81,0.00,1.000,neutral,glide_neutral,false
1756425414518,855.929,-175.267,61.829,1.457,8.098,-3.155,8.23,3.15,8.81,8.23,-0.00,0.136,323.9,124.2,346.9,323.9,-0.0,79.81,0.00,1.000,neutral,glide_neutral,false
1756425414547,855.982,-174.973,61.714,1.566,8.702,-3.390,8.84,3.39,9.47,8.84,-0.00,0.137,348.1,133.5,372.8,348.1,-0.0,79.81,0.00,1.000,forward,glide_fwd,false
1756425414576,855.982,-174.973,61.714,1.096,6.091,-2.373,6.19,2.37,6.63,6.19,-0.00,0.139,243.7,93.4,261.0,243.7,-0.0,79.81,0.00,1.000,unknown,unknown,false
1756425414605,856.035,-174.679,61.600,1.313,7.298,-2.843,7.41,2.84,7.94,7.41,-0.00,0.137,291.9,111.9,312.7,291.9,-0.0,79.81,0.00,1.000,neutral,glide_neutral,false
1756425414634,856.088,-174.385,61.485,1.465,8.142,-3.172,8.27,3.17,8.86,8.27,-0.00,0.136,325.7,124.9,348.8,325.7,-0.0,79.81,0.00,1.000,neutral,glide_neutral,false
1756425414664,856.088,-174.385,61.485,1.025,5.700,-2.221,5.79,2.22,6.20,5.79,-0.00,0.140,228.0,87.4,244.2,228.0,-0.0,79.81,0.00,1.000,unknown,unknown,false
1756425414693,856.141,-174.091,61.370,1.261,7.008,-2.731,7.12,2.73,7.63,7.12,-0.00,0.139,280.3,107.5,300.3,280.3,-0.0,79.81,0.00,1.000,neutral,glide_neutral,false
1756425414722,856.194,-173.797,61.256,1.421,7.904,-3.080,8.03,3.08,8.60,8.03,-0.00,0.137,316.2,121.2,338.6,316.2,-0.0,79.81,0.00,1.000,neutral,glide_neutral,false
1756425414751,856.246,-173.503,61.141,1.542,8.571,-3.339,8.71,3.34,9.33,8.71,-0.00,0.137,342.9,131.5,367.2,342.9,-0.0,79.81,0.00,1.000,forward,glide_fwd,false
1756425414780,856.246,-173.503,61.141,1.079,6.000,-2.338,6.10,2.34,6.53,6.10,-0.00,0.140,240.0,92.0,257.0,240.0,-0.0,79.81,0.00,1.000,unknown,unknown,false
1756425414810,856.299,-173.209,61.027,1.292,7.184,-2.799,7.30,2.80,7.82,7.30,-0.00,0.137,287.4,110.2,307.8,287.4,-0.0,79.81,0.00,1.000,neutral,glide_neutral,false
1756425414839,856.352,-172.915,60.912,1.451,8.063,-3.142,8.19,3.14,8.77,8.19,-0.00,0.136,322.6,123.7,345.5,322.6,-0.0,79.81,0.00,1.000,neutral,glide_neutral,false
1756425414868,856.405,-172.621,60.798,1.561,8.678,-3.381,8.82,3.38,9.44,8.82,-0.00,0.137,347.1,133.1,371.8,347.1,-0.0,79.81,0.00,1.000,forward,glide_fwd,false
1756425414897,856.405,-172.621,60.798,1.093,6.075,-2.367,6.17,2.37,6.61,6.17,-0.00,0.139,243.0,93.2,260.2,243.0,-0.0,79.81,0.00,1.000,unknown,unknown,false
1756425414926,856.458,-172.327,60.683,1.307,7.264,-2.830,7.38,2.83,7.90,7.38,-0.00,0.137,290.6,111.4,311.2,290.6,-0.0,79.81,0.00,1.000,neutral,glide_neutral,false
1756425414956,856.511,-172.033,60.569,1.455,8.087,-3.151,8.22,3.15,8.80,8.22,-0.00,0.135,323.5,124.1,346.5,323.5,-0.0,79.81,0.00,1.000,neutral,glide_neutral,false
1756425414985,856.511,-172.033,60.569,1.018,5.661,-2.206,5.75,2.21,6.16,5.75,-0.00,0.140,226.5,86.8,242.5,226.5,-0.0,79.81,0.00,1.000,unknown,unknown,false
1756425415014,856.564,-171.739,60.454,1.259,6.998,-2.726,7.11,2.73,7.62,7.11,-0.00,0.138,279.9,107.3,299.8,279.9,-0.0,79.81,0.00,1.000,neutral,glide_neutral,false
1756425415043,856.617,-171.445,60.340,1.427,7.932,-3.090,8.06,3.09,8.63,8.06,-0.00,0.137,317.3,121.7,339.8,317.3,-0.0,79.81,0.00,1.000,neutral,glide_neutral,false
1756425415072,856.669,-171.151,60.225,1.542,8.571,-3.340,8.71,3.34,9.33,8.71,-0.00,0.137,342.9,131.5,367.2,342.9,-0.0,79.81,0.00,1.000,forward,glide_fwd,false
1756425415102,856.669,-171.151,60.225,1.079,6.000,-2.338,6.10,2.34,6.53,6.10,-0.00,0.139,240.0,92.0,257.0,240.0,-0.0,79.81,0.00,1.000,unknown,unknown,false
1756425415131,856.722,-170.857,60.110,1.301,7.231,-2.817,7.35,2.82,7.87,7.35,-0.00,0.137,289.3,110.9,309.8,289.3,-0.0,79.81,0.00,1.000,neutral,glide_neutral,false
1756425415161,856.775,-170.563,59.996,1.435,7.978,-3.108,8.11,3.11,8.68,8.11,-0.00,0.136,319.1,122.4,341.8,319.1,-0.0,79.81,0.00,1.000,neutral,glide_neutral,false
1756425415191,856.828,-170.269,59.881,1.539,8.553,-3.332,8.69,3.33,9.31,8.69,-0.00,0.136,342.1,131.2,366.4,342.1,-0.0,79.81,0.00,1.000,forward,glide_fwd,false
1756425415220,856.828,-170.269,59.881,1.077,5.987,-2.333,6.08,2.33,6.51,6.08,-0.00,0.139,239.5,91.8,256.5,239.5,-0.0,79.81,0.00,1.000,unknown,unknown,false
1756425415249,856.881,-169.975,59.767,1.290,7.174,-2.795,7.29,2.79,7.81,7.29,-0.00,0.136,287.0,110.0,307.3,287.0,-0.0,79.81,0.00,1.000,neutral,glide_neutral,false
1756425415279,856.934,-169.681,59.652,1.440,8.004,-3.118,8.13,3.12,8.71,8.13,-0.00,0.135,320.2,122.8,342.9,320.2,-0.0,79.81,0.00,1.000,neutral,glide_neutral,false
1756425415308,856.987,-169.387,59.538,1.552,8.631,-3.363,8.77,3.36,9.39,8.77,-0.00,0.135,345.2,132.4,369.8,345.2,-0.0,79.81,0.00,1.000,forward,glide_fwd,false
1756425415338,856.987,-169.387,59.538,1.087,6.042,-2.354,6.14,2.35,6.57,6.14,-0.00,0.138,241.7,92.7,258.8,241.7,-0.0,79.81,0.00,1.000,unknown,unknown,false
1756425415367,857.040,-169.093,59.423,1.306,7.261,-2.829,7.38,2.83,7.90,7.38,-0.00,0.136,290.5,111.4,311.1,290.5,-0.0,79.81,0.00,1.000,neutral,glide_neutral,false
1756425415396,857.093,-168.799,59.309,1.461,8.120,-3.164,8.25,3.16,8.84,8.25,-0.00,0.134,324.8,124.6,347.9,324.8,-0.0,79.81,0.00,1.000,neutral,glide_neutral,false
1756425415425,857.145,-168.505,59.194,1.568,8.718,-3.397,8.86,3.40,9.49,8.86,-0.00,0.135,348.7,133.7,373.5,348.7,-0.0,79.81,0.00,1.000,forward,glide_fwd,false
1756425415454,857.145,-168.505,59.194,1.097,6.102,-2.378,6.20,2.38,6.64,6.20,-0.00,0.137,244.1,93.6,261.4,244.1,-0.0,79.81,0.00,1.000,unknown,unknown,false
1756425415484,857.198,-168.211,59.080,1.308,7.269,-2.832,7.39,2.83,7.91,7.39,-0.00,0.135,290.8,111.5,311.4,290.8,-0.0,79.81,0.00,1.000,neutral,glide_neutral,false
1756425415513,857.198,-168.211,59.080,0.915,5.088,-1.982,5.17,1.98,5.54,5.17,-0.00,0.145,203.5,78.0,218.0,203.5,-0.0,79.81,0.00,1.000,unknown,unknown,false
1756425415542,857.251,-167.917,58.965,1.187,6.598,-2.571,6.70,2.57,7.18,6.70,-0.00,0.145,263.9,101.2,282.7,263.9,-0.0,79.81,0.00,1.000,neutral,glide_neutral,false
1756425415571,857.304,-167.623,58.850,1.368,7.604,-2.963,7.73,2.96,8.27,7.73,-0.00,0.142,304.2,116.6,325.8,304.2,-0.0,79.81,0.00,1.000,neutral,glide_neutral,false
1756425415601,857.357,-167.329,58.736,1.494,8.305,-3.236,8.44,3.24,9.04,8.44,-0.00,0.141,332.2,127.4,355.8,332.2,-0.0,79.81,0.00,1.000,forward,glide_fwd,false
1756425415630,857.410,-167.035,58.621,1.583,8.799,-3.428,8.94,3.43,9.57,8.94,-0.00,0.143,352.0,135.0,377.0,352.0,-0.0,79.81,0.00,1.000,forward,glide_fwd,false
1756425415660,857.410,-167.035,58.621,1.108,6.159,-2.400,6.26,2.40,6.70,6.26,-0.00,0.144,246.4,94.5,263.9,246.4,-0.0,79.81,0.00,1.000,unknown,unknown,false
1756425415689,857.463,-166.741,58.507,1.320,7.339,-2.859,7.46,2.86,7.99,7.46,-0.00,0.142,293.6,112.6,314.4,293.6,-0.0,79.81,0.00,1.000,neutral,glide_neutral,false
1756425415718,857.516,-166.447,58.392,1.462,8.124,-3.165,8.25,3.17,8.84,8.25,-0.00,0.140,325.0,124.6,348.1,325.0,-0.0,79.81,0.00,1.000,neutral,glide_neutral,false
1756425415747,857.569,-166.153,58.278,1.569,8.722,-3.398,8.86,3.40,9.49,8.86,-0.00,0.141,348.9,133.8,373.7,348.9,-0.0,79.81,0.00,1.000,forward,glide_fwd,false
1756425415776,857.569,-166.153,58.278,1.098,6.106,-2.379,6.20,2.38,6.64,6.20,-0.00,0.143,244.2,93.7,261.6,244.2,-0.0,79.81,0.00,1.000,unknown,unknown,false
1756425415805,857.621,-165.859,58.163,1.315,7.311,-2.848,7.43,2.85,7.96,7.43,-0.00,0.141,292.4,112.1,313.2,292.4,-0.0,79.81,0.00,1.000,neutral,glide_neutral,false
1756425415835,857.674,-165.565,58.049,1.457,8.099,-3.156,8.23,3.16,8.81,8.23,-0.00,0.139,324.0,124.2,347.0,324.0,-0.0,79.81,0.00,1.000,neutral,glide_neutral,false
1756425415864,857.727,-165.271,57.934,1.566,8.704,-3.391,8.84,3.39,9.47,8.84,-0.00,0.140,348.2,133.5,372.9,348.2,-0.0,79.81,0.00,1.000,forward,glide_fwd,false
1756425415894,857.727,-165.271,57.934,1.096,6.093,-2.374,6.19,2.37,6.63,6.19,-0.00,0.142,243.7,93.5,261.0,243.7,-0.0,79.81,0.00,1.000,unknown,unknown,false
1756425415923,857.780,-164.977,57.820,1.313,7.297,-2.843,7.41,2.84,7.94,7.41,-0.00,0.139,291.9,111.9,312.6,291.9,-0.0,79.81,0.00,1.000,neutral,glide_neutral,false
1756425415952,857.833,-164.683,57.705,1.456,8.094,-3.153,8.22,3.15,8.81,8.22,-0.00,0.138,323.8,124.2,346.8,323.8,-0.0,79.81,0.00,1.000,neutral,glide_neutral,false
1756425415981,857.833,-164.683,57.705,1.019,5.666,-2.207,5.76,2.21,6.17,5.76,-0.00,0.143,226.6,86.9,242.7,226.6,-0.0,79.81,0.00,1.000,unknown,unknown,false
1756425416011,857.886,-164.389,57.591,1.250,6.949,-2.707,7.06,2.71,7.56,7.06,-0.00,0.141,278.0,106.6,297.7,278.0,-0.0,79.81,0.00,1.000,neutral,glide_neutral,false
1756425416040,857.939,-164.095,57.476,1.411,7.847,-3.057,7.97,3.06,8.54,7.97,-0.00,0.139,313.9,120.4,336.2,313.9,-0.0,79.81,0.00,1.000,neutral,glide_neutral,false
1756425416070,857.992,-163.801,57.361,1.534,8.526,-3.322,8.66,3.32,9.28,8.66,-0.00,0.139,341.1,130.8,365.3,341.1,-0.0,79.81,0.00,1.000,forward,glide_fwd,false
1756425416099,857.992,-163.801,57.361,1.074,5.968,-2.325,6.06,2.33,6.49,6.06,-0.00,0.142,238.7,91.6,255.7,238.7,-0.0,79.81,0.00,1.000,unknown,unknown,false
1756425416129,858.044,-163.507,57.247,1.288,7.161,-2.790,7.28,2.79,7.79,7.28,-0.00,0.140,286.4,109.8,306.8,286.4,-0.0,79.81,0.00,1.000,neutral,glide_neutral,false
1756425416158,858.097,-163.213,57.132,1.438,7.994,-3.114,8.12,3.11,8.70,8.12,-0.00,0.138,319.8,122.6,342.5,319.8,-0.0,79.81,0.00,1.000,neutral,glide_neutral,false
1756425416188,858.150,-162.919,57.018,1.543,8.578,-3.342,8.72,3.34,9.33,8.72,-0.00,0.138,343.1,131.6,367.5,343.1,-0.0,79.81,0.00,1.000,forward,glide_fwd,false
1756425416217,858.150,-162.919,57.018,1.080,6.004,-2.339,6.10,2.34,6.53,6.10,-0.00,0.141,240.2,92.1,257.2,240.2,-0.0,79.81,0.00,1.000,unknown,unknown,false
1756425416246,858.203,-162.625,56.903,1.302,7.239,-2.820,7.36,2.82,7.88,7.36,-0.00,0.138,289.6,111.0,310.1,289.6,-0.0,79.81,0.00,1.000,neutral,glide_neutral,false
1756425416275,858.256,-162.331,56.789,1.457,8.100,-3.156,8.23,3.16,8.81,8.23,-0.00,0.137,324.0,124.3,347.0,324.0,-0.0,79.81,0.00,1.000,neutral,glide_neutral,false
1756425416305,858.256,-162.331,56.789,1.020,5.670,-2.209,5.76,2.21,6.17,5.76,-0.00,0.142,226.8,87.0,242.9,226.8,-0.0,79.81,0.00,1.000,unknown,unknown,false
1756425416334,858.309,-162.037,56.674,1.260,7.007,-2.730,7.12,2.73,7.62,7.12,-0.00,0.140,280.3,107.5,300.2,280.3,-0.0,79.81,0.00,1.000,neutral,glide_neutral,false
1756425416363,858.362,-161.743,56.560,1.428,7.937,-3.092,8.06,3.09,8.64,8.06,-0.00,0.138,317.5,121.7,340.0,317.5,-0.0,79.81,0.00,1.000,neutral,glide_neutral,false
1756425416392,858.415,-161.449,56.445,1.544,8.585,-3.345,8.72,3.34,9.34,8.72,-0.00,0.138,343.4,131.7,367.8,343.4,-0.0,79.81,0.00,1.000,forward,glide_fwd,false
1756425416421,858.415,-161.449,56.445,1.081,6.009,-2.341,6.11,2.34,6.54,6.11,-0.00,0.141,240.4,92.2,257.5,240.4,-0.0,79.81,0.00,1.000,unknown,unknown,false
1756425416451,858.468,-161.155,56.331,1.300,7.223,-2.814,7.34,2.81,7.86,7.34,-0.00,0.139,288.9,110.8,309.4,288.9,-0.0,79.81,0.00,1.000,neutral,glide_neutral,false
1756425416480,858.520,-160.861,56.216,1.446,8.038,-3.132,8.17,3.13,8.75,8.17,-0.00,0.137,321.5,123.3,344.4,321.5,-0.0,79.81,0.00,1.000,neutral,glide_neutral,false
1756425416509,858.573,-160.567,56.101,1.558,8.661,-3.375,8.80,3.37,9.43,8.80,-0.00,0.138,346.5,132.9,371.1,346.5,-0.0,79.81,0.00,1.000,forward,glide_fwd,false
1756425416538,858.573,-160.567,56.101,1.091,6.063,-2.362,6.16,2.36,6.60,6.16,-0.00,0.140,242.5,93.0,259.8,242.5,-0.0,79.81,0.00,1.000,unknown,unknown,false
1756425416567,858.626,-160.273,55.987,1.309,7.278,-2.836,7.39,2.84,7.92,7.39,-0.00,0.138,291.1,111.6,311.8,291.1,-0.0,79.81,0.00,1.000,neutral,glide_neutral,false
1756425416597,858.679,-159.979,55.872,1.452,8.075,-3.146,8.20,3.15,8.79,8.20,-0.00,0.136,323.0,123.9,346.0,323.0,-0.0,79.81,0.00,1.000,neutral,glide_neutral,false
1756425416626,858.679,-159.979,55.872,1.017,5.653,-2.202,5.74,2.20,6.15,5.74,-0.00,0.141,226.1,86.7,242.2,226.1,-0.0,79.81,0.00,1.000,unknown,unknown,false
1756425416656,858.732,-159.686,55.758,1.257,6.988,-2.723,7.10,2.72,7.60,7.10,-0.00,0.139,279.5,107.2,299.4,279.5,-0.0,79.81,0.00,1.000,neutral,glide_neutral,false
1756425416685,858.785,-159.392,55.643,1.423,7.912,-3.083,8.04,3.08,8.61,8.04,-0.00,0.137,316.5,121.4,339.0,316.5,-0.0,79.81,0.00,1.000,neutral,glide_neutral,false
1756425416714,858.838,-159.098,55.529,1.536,8.539,-3.327,8.68,3.33,9.29,8.68,-0.00,0.138,341.6,131.0,365.8,341.6,-0.0,79.81,0.00,1.000,forward,glide_fwd,false
1756425416743,858.891,-158.804,55.414,1.621,9.010,-3.511,9.15,3.51,9.80,9.15,-0.00,0.140,360.4,138.2,386.0,360.4,-0.0,79.81,0.00,1.000,forward,glide_fwd,false
1756425416772,858.891,-158.804,55.414,1.134,6.307,-2.457,6.41,2.46,6.86,6.41,-0.00,0.141,252.3,96.7,270.2,252.3,-0.0,79.81,0.00,1.000,neutral,glide_neutral,false
1756425416802,858.944,-158.510,55.300,1.332,7.403,-2.884,7.52,2.88,8.06,7.52,-0.00,0.139,296.1,113.6,317.1,296.1,-0.0,79.81,0.00,1.000,neutral,glide_neutral,false
1756425416831,858.996,-158.216,55.185,1.478,8.219,-3.202,8.35,3.20,8.94,8.35,-0.00,0.137,328.8,126.1,352.1,328.8,-0.0,79.81,0.00,1.000,neutral,glide_neutral,false
1756425416860,858.996,-158.216,55.185,1.035,5.753,-2.241,5.85,2.24,6.26,5.85,-0.00,0.142,230.1,88.2,246.5,230.1,-0.0,79.81,0.00,1.000,unknown,unknown,false
1756425416890,859.049,-157.922,55.071,1.271,7.063,-2.752,7.18,2.75,7.69,7.18,-0.00,0.140,282.5,108.3,302.6,282.5,-0.0,79.81,0.00,1.000,neutral,glide_neutral,false
1756425416919,859.102,-157.628,54.956,1.425,7.923,-3.087,8.05,3.09,8.62,8.05,-0.00,0.138,316.9,121.5,339.4,316.9,-0.0,79.81,0.00,1.000,neutral,glide_neutral,false
1756425416948,859.155,-157.334,54.842,1.543,8.581,-3.343,8.72,3.34,9.34,8.72,-0.00,0.138,343.2,131.6,367.6,343.2,-0.0,79.81,0.00,1.000,forward,glide_fwd,false
1756425416978,859.155,-157.334,54.842,1.080,6.007,-2.340,6.10,2.34,6.54,6.10,-0.00,0.141,240.3,92.1,257.3,240.3,-0.0,79.81,0.00,1.000,unknown,unknown,false
1756425417007,859.208,-157.040,54.727,1.292,7.183,-2.799,7.30,2.80,7.82,7.30,-0.00,0.139,287.3,110.2,307.7,287.3,-0.0,79.81,0.00,1.000,neutral,glide_neutral,false
1756425417037,859.261,-156.746,54.612,1.442,8.016,-3.123,8.15,3.12,8.72,8.15,-0.00,0.137,320.7,123.0,343.4,320.7,-0.0,79.81,0.00,1.000,neutral,glide_neutral,false
1756425417066,859.314,-156.452,54.498,1.556,8.646,-3.369,8.79,3.37,9.41,8.79,-0.00,0.137,345.9,132.6,370.4,345.9,-0.0,79.81,0.00,1.000,forward,glide_fwd,false
1756425417095,859.314,-156.452,54.498,1.089,6.052,-2.358,6.15,2.36,6.59,6.15,-0.00,0.140,242.1,92.8,259.3,242.1,-0.0,79.81,0.00,1.000,unknown,unknown,false
1756425417124,859.367,-156.158,54.383,1.299,7.220,-2.813,7.34,2.81,7.86,7.34,-0.00,0.138,288.8,110.8,309.3,288.8,-0.0,79.81,0.00,1.000,neutral,glide_neutral,false
1756425417153,859.419,-155.864,54.269,1.455,8.088,-3.151,8.22,3.15,8.80,8.22,-0.00,0.136,323.5,124.1,346.5,323.5,-0.0,79.81,0.00,1.000,neutral,glide_neutral,false
1756425417183,859.419,-155.864,54.269,1.019,5.662,-2.206,5.75,2.21,6.16,5.75,-0.00,0.141,226.5,86.8,242.6,226.5,-0.0,79.81,0.00,1.000,unknown,unknown,false
1756425417212,859.472,-155.570,54.154,1.251,6.956,-2.710,7.07,2.71,7.57,7.07,-0.00,0.139,278.2,106.7,298.0,278.2,-0.0,79.81,0.00,1.000,neutral,glide_neutral,false
1756425417242,859.525,-155.276,54.040,1.412,7.846,-3.057,7.97,3.06,8.54,7.97,-0.00,0.137,313.8,120.4,336.1,313.8,-0.0,79.81,0.00,1.000,neutral,glide_neutral,false
1756425417271,859.525,-155.276,54.040,0.988,5.492,-2.140,5.58,2.14,5.98,5.58,-0.00,0.143,219.7,84.2,235.3,219.7,-0.0,79.81,0.00,1.000,unknown,unknown,false
1756425417300,859.578,-154.982,53.925,1.238,6.882,-2.681,6.99,2.68,7.49,6.99,-0.00,0.142,275.3,105.6,294.8,275.3,-0.0,79.81,0.00,1.000,neutral,glide_neutral,false
1756425417329,859.631,-154.688,53.811,1.412,7.851,-3.059,7.98,3.06,8.54,7.98,-0.00,0.140,314.0,120.4,336.3,314.0,-0.0,79.81,0.00,1.000,neutral,glide_neutral,false
1756425417358,859.684,-154.394,53.696,1.534,8.529,-3.323,8.67,3.32,9.28,8.67,-0.00,0.140,341.2,130.8,365.4,341.2,-0.0,79.81,0.00,1.000,forward,glide_fwd,false
1756425417387,859.737,-154.100,53.582,1.620,9.007,-3.509,9.15,3.51,9.80,9.15,-0.00,0.143,360.3,138.2,385.9,360.3,-0.0,79.81,0.00,1.000,forward,glide_fwd,false
1756425417418,859.737,-154.100,53.582,1.134,6.305,-2.457,6.41,2.46,6.86,6.41,-0.00,0.143,252.2,96.7,270.1,252.2,-0.0,79.81,0.00,1.000,neutral,glide_neutral,false
1756425417447,859.790,-153.806,53.467,1.328,7.381,-2.876,7.50,2.88,8.03,7.50,-0.00,0.141,295.3,113.2,316.2,295.3,-0.0,79.81,0.00,1.000,neutral,glide_neutral,false
1756425417476,859.843,-153.512,53.352,1.473,8.191,-3.192,8.32,3.19,8.91,8.32,-0.00,0.139,327.7,125.6,350.9,327.7,-0.0,79.81,0.00,1.000,neutral,glide_neutral,false
1756425417506,859.843,-153.512,53.352,1.031,5.734,-2.234,5.83,2.23,6.24,5.83,-0.00,0.144,229.4,88.0,245.7,229.4,-0.0,79.81,0.00,1.000,unknown,unknown,false
1756425417535,859.895,-153.218,53.238,1.259,6.995,-2.725,7.11,2.73,7.61,7.11,-0.00,0.142,279.8,107.3,299.7,279.8,-0.0,79.81,0.00,1.000,neutral,glide_neutral,false
1756425417565,859.948,-152.924,53.123,1.418,7.881,-3.071,8.01,3.07,8.58,8.01,-0.00,0.140,315.3,120.9,337.6,315.3,-0.0,79.81,0.00,1.000,neutral,glide_neutral,false
1756425417594,860.001,-152.630,53.009,1.539,8.551,-3.332,8.69,3.33,9.31,8.69,-0.00,0.140,342.1,131.2,366.4,342.1,-0.0,79.81,0.00,1.000,forward,glide_fwd,false
1756425417623,860.001,-152.630,53.009,1.077,5.986,-2.332,6.08,2.33,6.51,6.08,-0.00,0.143,239.5,91.8,256.5,239.5,-0.0,79.81,0.00,1.000,unknown,unknown,false
1756425417652,860.054,-152.336,52.894,1.289,7.168,-2.793,7.28,2.79,7.80,7.28,-0.00,0.140,286.7,110.0,307.1,286.7,-0.0,79.81,0.00,1.000,neutral,glide_neutral,false
1756425417682,860.107,-152.042,52.780,1.439,8.003,-3.118,8.13,3.12,8.71,8.13,-0.00,0.139,320.2,122.8,342.9,320.2,-0.0,79.81,0.00,1.000,neutral,glide_neutral,false
1756425417711,860.160,-151.748,52.665,1.552,8.627,-3.361,8.77,3.36,9.39,8.77,-0.00,0.139,345.1,132.3,369.6,345.1,-0.0,79.81,0.00,1.000,forward,glide_fwd,false
1756425417741,860.160,-151.748,52.665,1.086,6.039,-2.353,6.14,2.35,6.57,6.14,-0.00,0.141,241.6,92.6,258.7,241.6,-0.0,79.81,0.00,1.000,unknown,unknown,false
1756425417770,860.213,-151.454,52.551,1.305,7.255,-2.827,7.37,2.83,7.89,7.37,-0.00,0.139,290.2,111.3,310.8,290.2,-0.0,79.81,0.00,1.000,neutral,glide_neutral,false
1756425417799,860.266,-151.160,52.436,1.451,8.067,-3.143,8.20,3.14,8.78,8.20,-0.00,0.137,322.7,123.7,345.6,322.7,-0.0,79.81,0.00,1.000,neutral,glide_neutral,false
1756425417828,860.266,-151.160,52.436,1.016,5.647,-2.200,5.74,2.20,6.14,5.74,-0.00,0.142,225.9,86.6,241.9,225.9,-0.0,79.81,0.00,1.000,unknown,unknown,false
1756425417857,860.318,-150.866,52.322,1.256,6.986,-2.722,7.10,2.72,7.60,7.10,-0.00,0.141,279.4,107.2,299.3,279.4,-0.0,79.81,0.00,1.000,neutral,glide_neutral,false
1756425417887,860.371,-150.572,52.207,1.416,7.873,-3.068,8.00,3.07,8.57,8.00,-0.00,0.139,314.9,120.8,337.3,314.9,-0.0,79.81,0.00,1.000,neutral,glide_neutral,false
1756425417916,860.424,-150.278,52.093,1.537,8.547,-3.330,8.68,3.33,9.30,8.68,-0.00,0.139,341.9,131.1,366.2,341.9,-0.0,79.81,0.00,1.000,forward,glide_fwd,false
1756425417945,860.424,-150.278,52.093,1.076,5.983,-2.331,6.08,2.33,6.51,6.08,-0.00,0.141,239.3,91.8,256.3,239.3,-0.0,79.81,0.00,1.000,unknown,unknown,false
1756425417975,860.477,-149.984,51.978,1.294,7.190,-2.801,7.31,2.80,7.82,7.31,-0.00,0.139,287.6,110.3,308.0,287.6,-0.0,79.81,0.00,1.000,neutral,glide_neutral,false
1756425418003,860.530,-149.690,51.863,1.451,8.067,-3.143,8.20,3.14,8.78,8.20,-0.00,0.138,322.7,123.7,345.6,322.7,-0.0,79.81,0.00,1.000,neutral,glide_neutral,false
1756425418033,860.583,-149.396,51.749,1.559,8.670,-3.378,8.81,3.38,9.43,8.81,-0.00,0.138,346.8,133.0,371.5,346.8,-0.0,79.81,0.00,1.000,forward,glide_fwd,false
1756425418062,860.583,-149.396,51.749,1.092,6.069,-2.365,6.17,2.36,6.60,6.17,-0.00,0.140,242.8,93.1,260.0,242.8,-0.0,79.81,0.00,1.000,unknown,unknown,false
1756425418092,860.636,-149.102,51.634,1.301,7.232,-2.818,7.35,2.82,7.87,7.35,-0.00,0.138,289.3,110.9,309.9,289.3,-0.0,79.81,0.00,1.000,neutral,glide_neutral,false
1756425418121,860.689,-148.808,51.520,1.447,8.047,-3.135,8.18,3.14,8.76,8.18,-0.00,0.137,321.9,123.4,344.7,321.9,-0.0,79.81,0.00,1.000,neutral,glide_neutral,false
1756425418151,860.742,-148.514,51.405,1.559,8.666,-3.376,8.81,3.38,9.43,8.81,-0.00,0.137,346.7,132.9,371.3,346.7,-0.0,79.81,0.00,1.000,forward,glide_fwd,false
1756425418180,860.742,-148.514,51.405,1.091,6.066,-2.364,6.16,2.36,6.60,6.16,-0.00,0.140,242.7,93.1,259.9,242.7,-0.0,79.81,0.00,1.000,unknown,unknown,false
1756425418210,860.794,-148.220,51.291,1.291,7.180,-2.798,7.30,2.80,7.81,7.30,-0.00,0.137,287.2,110.1,307.6,287.2,-0.0,79.81,0.00,1.000,neutral,glide_neutral,false
1756425418240,860.847,-147.926,51.176,1.441,8.009,-3.120,8.14,3.12,8.72,8.14,-0.00,0.136,320.4,122.8,343.1,320.4,-0.0,79.81,0.00,1.000,neutral,glide_neutral,false
1756425418269,860.900,-147.632,51.062,1.554,8.642,-3.367,8.78,3.37,9.40,8.78,-0.00,0.136,345.7,132.6,370.2,345.7,-0.0,79.81,0.00,1.000,forward,glide_fwd,false
1756425418298,860.900,-147.632,51.062,1.088,6.049,-2.357,6.15,2.36,6.58,6.15,-0.00,0.139,242.0,92.8,259.2,242.0,-0.0,79.81,0.00,1.000,unknown,unknown,false
1756425418327,860.953,-147.338,50.947,1.299,7.218,-2.812,7.33,2.81,7.85,7.33,-0.00,0.137,288.7,110.7,309.2,288.7,-0.0,79.81,0.00,1.000,neutral,glide_neutral,false
1756425418357,861.006,-147.044,50.833,1.446,8.038,-3.132,8.17,3.13,8.75,8.17,-0.00,0.135,321.5,123.3,344.3,321.5,-0.0,79.81,0.00,1.000,neutral,glide_neutral,false
1756425418386,861.059,-146.750,50.718,1.558,8.663,-3.375,8.80,3.38,9.43,8.80,-0.00,0.135,346.5,132.9,371.1,346.5,-0.0,79.81,0.00,1.000,forward,glide_fwd,false
1756425418415,861.059,-146.750,50.718,1.091,6.064,-2.363,6.16,2.36,6.60,6.16,-0.00,0.138,242.6,93.0,259.8,242.6,-0.0,79.81,0.00,1.000,unknown,unknown,false
1756425418444,861.112,-146.456,50.603,1.310,7.279,-2.836,7.40,2.84,7.92,7.40,-0.00,0.136,291.2,111.7,311.9,291.2,-0.0,79.81,0.00,1.000,neutral,glide_neutral,false
1756425418474,861.165,-146.162,50.489,1.448,8.048,-3.136,8.18,3.14,8.76,8.18,-0.00,0.134,321.9,123.4,344.8,321.9,-0.0,79.81,0.00,1.000,neutral,glide_neutral,false
1756425418504,861.165,-146.162,50.489,1.013,5.633,-2.195,5.72,2.19,6.13,5.72,-0.00,0.140,225.3,86.4,241.4,225.3,-0.0,79.81,0.00,1.000,unknown,unknown,false
1756425418533,861.218,-145.868,50.374,1.247,6.928,-2.699,7.04,2.70,7.54,7.04,-0.00,0.138,277.1,106.3,296.8,277.1,-0.0,79.81,0.00,1.000,neutral,glide_neutral,false
1756425418562,861.270,-145.574,50.260,1.417,7.880,-3.070,8.01,3.07,8.57,8.01,-0.00,0.136,315.2,120.9,337.6,315.2,-0.0,79.81,0.00,1.000,neutral,glide_neutral,false
1756425418592,861.323,-145.280,50.145,1.540,8.557,-3.334,8.69,3.33,9.31,8.69,-0.00,0.136,342.3,131.3,366.6,342.3,-0.0,79.81,0.00,1.000,forward,glide_fwd,false
1756425418621,861.323,-145.280,50.145,1.078,5.990,-2.334,6.09,2.33,6.52,6.09,-0.00,0.139,239.6,91.9,256.6,239.6,-0.0,79.81,0.00,1.000,unknown,unknown,false
1756425418650,861.376,-144.986,50.031,1.291,7.175,-2.796,7.29,2.80,7.81,7.29,-0.00,0.137,287.0,110.1,307.4,287.0,-0.0,79.81,0.00,1.000,neutral,glide_neutral,false
1756425418680,861.429,-144.692,49.916,1.441,8.007,-3.120,8.14,3.12,8.71,8.14,-0.00,0.135,320.3,122.8,343.0,320.3,-0.0,79.81,0.00,1.000,neutral,glide_neutral,false
1756425418709,861.482,-144.398,49.802,1.554,8.641,-3.367,8.78,3.37,9.40,8.78,-0.00,0.136,345.7,132.6,370.2,345.7,-0.0,79.81,0.00,1.000,forward,glide_fwd,false
1756425418738,861.482,-144.398,49.802,1.088,6.049,-2.357,6.15,2.36,6.58,6.15,-0.00,0.138,242.0,92.8,259.1,242.0,-0.0,79.81,0.00,1.000,unknown,unknown,false
1756425418771,861.535,-144.104,49.687,1.245,6.921,-2.697,7.03,2.70,7.53,7.03,-0.00,0.137,276.9,106.2,296.5,276.9,-0.0,79.81,0.00,1.000,neutral,glide_neutral,false
1756425418800,861.588,-143.810,49.573,1.412,7.850,-3.058,7.98,3.06,8.54,7.98,-0.00,0.135,314.0,120.4,336.3,314.0,-0.0,79.81,0.00,1.000,neutral,glide_neutral,false
1756425418829,861.641,-143.516,49.458,1.534,8.527,-3.322,8.66,3.32,9.28,8.66,-0.00,0.135,341.1,130.8,365.3,341.1,-0.0,79.81,0.00,1.000,forward,glide_fwd,false
1756425418858,861.641,-143.516,49.458,1.073,5.969,-2.326,6.06,2.33,6.50,6.06,-0.00,0.138,238.8,91.6,255.7,238.8,-0.0,79.81,0.00,1.000,unknown,unknown,false
1756425418888,861.693,-143.222,49.344,1.289,7.162,-2.791,7.28,2.79,7.79,7.28,-0.00,0.136,286.5,109.9,306.9,286.5,-0.0,79.81,0.00,1.000,neutral,glide_neutral,false
1756425418917,861.746,-142.928,49.229,1.438,7.995,-3.115,8.12,3.12,8.70,8.12,-0.00,0.134,319.8,122.6,342.5,319.8,-0.0,79.81,0.00,1.000,neutral,glide_neutral,false
1756425418946,861.799,-142.634,49.114,1.553,8.632,-3.363,8.77,3.36,9.39,8.77,-0.00,0.134,345.3,132.4,369.8,345.3,-0.0,79.81,0.00,1.000,forward,glide_fwd,false
1756425418975,861.799,-142.634,49.114,1.087,6.042,-2.354,6.14,2.35,6.58,6.14,-0.00,0.137,241.7,92.7,258.9,241.7,-0.0,79.81,0.00,1.000,unknown,unknown,false
1756425419005,861.852,-142.340,49.000,1.297,7.212,-2.810,7.33,2.81,7.85,7.33,-0.00,0.135,288.5,110.6,309.0,288.5,-0.0,79.81,0.00,1.000,neutral,glide_neutral,false
1756425419034,861.905,-142.046,48.885,1.451,8.065,-3.142,8.19,3.14,8.78,8.19,-0.00,0.133,322.6,123.7,345.5,322.6,-0.0,79.81,0.00,1.000,neutral,glide_neutral,false
1756425419064,861.905,-142.046,48.885,1.016,5.646,-2.200,5.74,2.20,6.14,5.74,-0.00,0.139,225.8,86.6,241.9,225.8,-0.0,79.81,0.00,1.000,unknown,unknown,false
1756425419093,861.958,-141.752,48.771,1.248,6.936,-2.702,7.05,2.70,7.55,7.05,-0.00,0.137,277.5,106.4,297.2,277.5,-0.0,79.81,0.00,1.000,neutral,glide_neutral,false
1756425419122,862.011,-141.458,48.656,1.420,7.891,-3.074,8.02,3.07,8.59,8.02,-0.00,0.135,315.6,121.0,338.1,315.6,-0.0,79.81,0.00,1.000,neutral,glide_neutral,false
1756425419151,862.064,-141.164,48.542,1.540,8.561,-3.335,8.70,3.34,9.32,8.70,-0.00,0.136,342.4,131.3,366.8,342.4,-0.0,79.81,0.00,1.000,forward,glide_fwd,false
1756425419181,862.064,-141.164,48.542,1.078,5.992,-2.335,6.09,2.33,6.52,6.09,-0.00,0.138,239.7,91.9,256.7,239.7,-0.0,79.81,0.00,1.000,unknown,unknown,false
1756425419210,862.117,-140.870,48.427,1.291,7.179,-2.797,7.29,2.80,7.81,7.29,-0.00,0.136,287.2,110.1,307.5,287.2,-0.0,79.81,0.00,1.000,neutral,glide_neutral,false
1756425419239,862.169,-140.576,48.313,1.450,8.059,-3.140,8.19,3.14,8.77,8.19,-0.00,0.135,322.4,123.6,345.3,322.4,-0.0,79.81,0.00,1.000,neutral,glide_neutral,false
1756425419269,862.222,-140.282,48.198,1.560,8.673,-3.379,8.81,3.38,9.44,8.81,-0.00,0.135,346.9,133.0,371.6,346.9,-0.0,79.81,0.00,1.000,forward,glide_fwd,false
1756425419298,862.222,-140.282,48.198,1.092,6.071,-2.365,6.17,2.37,6.61,6.17,-0.00,0.138,242.8,93.1,260.1,242.8,-0.0,79.81,0.00,1.000,unknown,unknown,false
1756425419328,862.275,-139.988,48.084,1.303,7.243,-2.822,7.36,2.82,7.88,7.36,-0.00,0.135,289.7,111.1,310.3,289.7,-0.0,79.81,0.00,1.000,neutral,glide_neutral,false
1756425419357,862.328,-139.694,47.969,1.458,8.104,-3.158,8.23,3.16,8.82,8.23,-0.00,0.134,324.2,124.3,347.2,324.2,-0.0,79.81,0.00,1.000,neutral,glide_neutral,false
1756425419386,862.328,-139.694,47.969,1.020,5.673,-2.210,5.76,2.21,6.17,5.76,-0.00,0.139,226.9,87.0,243.0,226.9,-0.0,79.81,0.00,1.000,unknown,unknown,false
1756425419415,862.381,-139.400,47.854,1.261,7.006,-2.730,7.12,2.73,7.62,7.12,-0.00,0.137,280.3,107.5,300.2,280.3,-0.0,79.81,0.00,1.000,neutral,glide_neutral,false
1756425419444,862.434,-139.107,47.740,1.426,7.927,-3.088,8.05,3.09,8.63,8.05,-0.00,0.135,317.1,121.6,339.6,317.1,-0.0,79.81,0.00,1.000,neutral,glide_neutral,false
1756425419473,862.487,-138.813,47.625,1.544,8.584,-3.344,8.72,3.34,9.34,8.72,-0.00,0.136,343.4,131.7,367.7,343.4,-0.0,79.81,0.00,1.000,forward,glide_fwd,false
1756425419502,862.487,-138.813,47.625,1.081,6.009,-2.341,6.11,2.34,6.54,6.11,-0.00,0.138,240.4,92.2,257.4,240.4,-0.0,79.81,0.00,1.000,unknown,unknown,false
1756425419531,862.540,-138.519,47.511,1.301,7.233,-2.818,7.35,2.82,7.87,7.35,-0.00,0.136,289.3,110.9,309.9,289.3,-0.0,79.81,0.00,1.000,neutral,glide_neutral,false
1756425419561,862.592,-138.225,47.396,1.448,8.054,-3.138,8.18,3.14,8.76,8.18,-0.00,0.135,322.2,123.5,345.1,322.2,-0.0,79.81,0.00,1.000,neutral,glide_neutral,false
1756425419590,862.645,-137.931,47.282,1.560,8.673,-3.379,8.81,3.38,9.44,8.81,-0.00,0.136,346.9,133.0,371.6,346.9,-0.0,79.81,0.00,1.000,forward,glide_fwd,false
1756425419619,862.645,-137.931,47.282,1.092,6.071,-2.365,6.17,2.37,6.61,6.17,-0.00,0.138,242.8,93.1,260.1,242.8,-0.0,79.81,0.00,1.000,unknown,unknown,false
1756425419648,862.698,-137.637,47.167,1.310,7.285,-2.838,7.40,2.84,7.93,7.40,-0.00,0.136,291.4,111.7,312.1,291.4,-0.0,79.81,0.00,1.000,neutral,glide_neutral,false
1756425419677,862.751,-137.343,47.053,1.454,8.081,-3.148,8.21,3.15,8.79,8.21,-0.00,0.134,323.2,123.9,346.2,323.2,-0.0,79.81,0.00,1.000,neutral,glide_neutral,false
1756425419707,862.804,-137.049,46.938,1.554,8.641,-3.367,8.78,3.37,9.40,8.78,-0.00,0.135,345.7,132.6,370.2,345.7,-0.0,79.81,0.00,1.000,forward,glide_fwd,false
1756425419736,862.804,-137.049,46.938,1.088,6.049,-2.357,6.15,2.36,6.58,6.15,-0.00,0.137,242.0,92.8,259.1,242.0,-0.0,79.81,0.00,1.000,unknown,unknown,false
1756425419766,862.857,-136.755,46.824,1.299,7.218,-2.812,7.33,2.81,7.85,7.33,-0.00,0.135,288.7,110.7,309.2,288.7,-0.0,79.81,0.00,1.000,neutral,glide_neutral,false
1756425419795,862.910,-136.461,46.709,1.445,8.035,-3.131,8.16,3.13,8.74,8.16,-0.00,0.134,321.4,123.3,344.2,321.4,-0.0,79.81,0.00,1.000,neutral,glide_neutral,false
1756425419824,862.910,-136.461,46.709,1.012,5.625,-2.191,5.71,2.19,6.12,5.71,-0.00,0.139,225.0,86.3,241.0,225.0,-0.0,79.81,0.00,1.000,unknown,unknown,false
1756425419854,862.963,-136.167,46.594,1.245,6.921,-2.697,7.03,2.70,7.53,7.03,-0.00,0.137,276.9,106.2,296.5,276.9,-0.0,79.81,0.00,1.000,neutral,glide_neutral,false
1756425419883,863.016,-135.873,46.480,1.417,7.880,-3.070,8.01,3.07,8.57,8.01,-0.00,0.135,315.2,120.9,337.6,315.2,-0.0,79.81,0.00,1.000,neutral,glide_neutral,false
1756425419912,863.068,-135.579,46.365,1.535,8.534,-3.325,8.67,3.33,9.29,8.67,-0.00,0.136,341.4,130.9,365.6,341.4,-0.0,79.81,0.00,1.000,forward,glide_fwd,false
1756425419941,863.068,-135.579,46.365,1.074,5.974,-2.328,6.07,2.33,6.50,6.07,-0.00,0.138,239.0,91.6,255.9,239.0,-0.0,79.81,0.00,1.000,unknown,unknown,false
1756425419971,863.121,-135.285,46.251,1.289,7.164,-2.791,7.28,2.79,7.80,7.28,-0.00,0.136,286.6,109.9,306.9,286.6,-0.0,79.81,0.00,1.000,neutral,glide_neutral,false
1756425420001,863.174,-134.991,46.136,1.426,7.927,-3.088,8.05,3.09,8.63,8.05,-0.00,0.135,317.1,121.6,339.6,317.1,-0.0,79.81,0.00,1.000,neutral,glide_neutral,false
1756425420031,863.174,-134.991,46.136,0.998,5.549,-2.162,5.64,2.16,6.04,5.64,-0.00,0.140,222.0,85.1,237.7,222.0,-0.0,79.81,0.00,1.000,unknown,unknown,false
1756425420060,863.227,-134.697,46.022,1.236,6.869,-2.676,6.98,2.68,7.47,6.98,-0.00,0.139,274.8,105.4,294.3,274.8,-0.0,79.81,0.00,1.000,neutral,glide_neutral,false
1756425420089,863.280,-134.403,45.907,1.411,7.843,-3.056,7.97,3.06,8.53,7.97,-0.00,0.137,313.7,120.3,336.0,313.7,-0.0,79.81,0.00,1.000,neutral,glide_neutral,false
1756425420118,863.333,-134.109,45.793,1.534,8.524,-3.321,8.66,3.32,9.28,8.66,-0.00,0.137,341.0,130.7,365.2,341.0,-0.0,79.81,0.00,1.000,forward,glide_fwd,false
1756425420147,863.386,-133.815,45.678,1.619,9.002,-3.507,9.15,3.51,9.80,9.15,-0.00,0.140,360.1,138.1,385.7,360.1,-0.0,79.81,0.00,1.000,forward,glide_fwd,false
1756425420176,863.386,-133.815,45.678,1.133,6.301,-2.455,6.40,2.46,6.86,6.40,-0.00,0.141,252.1,96.7,270.0,252.1,-0.0,79.81,0.00,1.000,neutral,glide_neutral,false
1756425420206,863.439,-133.521,45.564,1.330,7.394,-2.881,7.51,2.88,8.05,7.51,-0.00,0.138,295.8,113.4,316.8,295.8,-0.0,79.81,0.00,1.000,neutral,glide_neutral,false
1756425420235,863.492,-133.227,45.449,1.477,8.211,-3.199,8.34,3.20,8.93,8.34,-0.00,0.137,328.4,125.9,351.8,328.4,-0.0,79.81,0.00,1.000,neutral,glide_neutral,false
1756425420264,863.492,-133.227,45.449,1.034,5.747,-2.239,5.84,2.24,6.25,5.84,-0.00,0.141,229.9,88.2,246.2,229.9,-0.0,79.81,0.00,1.000,unknown,unknown,false
1756425420293,863.544,-132.933,45.335,1.269,7.058,-2.750,7.17,2.75,7.68,7.17,-0.00,0.139,282.3,108.3,302.4,282.3,-0.0,79.81,0.00,1.000,neutral,glide_neutral,false
1756425420322,863.597,-132.639,45.220,1.435,7.976,-3.108,8.10,3.11,8.68,8.10,-0.00,0.138,319.1,122.4,341.7,319.1,-0.0,79.81,0.00,1.000,neutral,glide_neutral,false
1756425420351,863.650,-132.345,45.105,1.551,8.621,-3.359,8.76,3.36,9.38,8.76,-0.00,0.138,344.8,132.2,369.3,344.8,-0.0,79.81,0.00,1.000,forward,glide_fwd,false
1756425420380,863.650,-132.345,45.105,1.085,6.034,-2.351,6.13,2.35,6.57,6.13,-0.00,0.141,241.4,92.6,258.5,241.4,-0.0,79.81,0.00,1.000,unknown,unknown,false
1756425420410,863.703,-132.051,44.991,1.297,7.207,-2.808,7.32,2.81,7.84,7.32,-0.00,0.138,288.3,110.6,308.8,288.3,-0.0,79.81,0.00,1.000,neutral,glide_neutral,false
1756425420439,863.756,-131.757,44.876,1.451,8.068,-3.143,8.20,3.14,8.78,8.20,-0.00,0.137,322.7,123.8,345.6,322.7,-0.0,79.81,0.00,1.000,neutral,glide_neutral,false
1756425420475,863.809,-131.463,44.762,1.452,8.071,-3.144,8.20,3.14,8.78,8.20,-0.00,0.135,322.8,123.8,345.8,322.8,-0.0,79.81,0.00,1.000,neutral,glide_neutral,false
1756425420505,863.809,-131.463,44.762,1.016,5.649,-2.201,5.74,2.20,6.15,5.74,-0.00,0.140,226.0,86.7,242.0,226.0,-0.0,79.81,0.00,1.000,unknown,unknown,false
1756425420535,863.862,-131.169,44.647,1.248,6.938,-2.703,7.05,2.70,7.55,7.05,-0.00,0.139,277.5,106.4,297.3,277.5,-0.0,79.81,0.00,1.000,neutral,glide_neutral,false
1756425420564,863.915,-130.875,44.533,1.410,7.840,-3.054,7.97,3.05,8.53,7.97,-0.00,0.137,313.6,120.3,335.9,313.6,-0.0,79.81,0.00,1.000,neutral,glide_neutral,false
1756425420593,863.967,-130.581,44.418,1.533,8.521,-3.320,8.66,3.32,9.27,8.66,-0.00,0.137,340.8,130.7,365.0,340.8,-0.0,79.81,0.00,1.000,forward,glide_fwd,false
1756425420622,863.967,-130.581,44.418,1.073,5.964,-2.324,6.06,2.32,6.49,6.06,-0.00,0.140,238.6,91.5,255.5,238.6,-0.0,79.81,0.00,1.000,unknown,unknown,false
1756425420652,864.020,-130.287,44.304,1.296,7.201,-2.806,7.32,2.81,7.84,7.32,-0.00,0.137,288.1,110.5,308.5,288.1,-0.0,79.81,0.00,1.000,neutral,glide_neutral,false
1756425420681,864.073,-129.993,44.189,1.444,8.026,-3.127,8.15,3.13,8.73,8.15,-0.00,0.136,321.1,123.1,343.9,321.1,-0.0,79.81,0.00,1.000,neutral,glide_neutral,false
1756425420711,864.126,-129.699,44.075,1.546,8.598,-3.350,8.74,3.35,9.36,8.74,-0.00,0.136,343.9,131.9,368.3,343.9,-0.0,79.81,0.00,1.000,forward,glide_fwd,false
1756425420740,864.126,-129.699,44.075,1.082,6.018,-2.345,6.12,2.34,6.55,6.12,-0.00,0.139,240.7,92.3,257.8,240.7,-0.0,79.81,0.00,1.000,unknown,unknown,false
1756425420769,864.179,-129.405,43.960,1.295,7.196,-2.804,7.31,2.80,7.83,7.31,-0.00,0.137,287.9,110.4,308.3,287.9,-0.0,79.81,0.00,1.000,neutral,glide_neutral,false
1756425420798,864.232,-129.111,43.845,1.452,8.073,-3.146,8.20,3.15,8.79,8.20,-0.00,0.135,323.0,123.8,345.9,323.0,-0.0,79.81,0.00,1.000,neutral,glide_neutral,false
1756425420827,864.285,-128.817,43.731,1.563,8.687,-3.384,8.83,3.38,9.45,8.83,-0.00,0.136,347.5,133.2,372.2,347.5,-0.0,79.81,0.00,1.000,forward,glide_fwd,false
1756425420857,864.285,-128.817,43.731,1.094,6.081,-2.369,6.18,2.37,6.62,6.18,-0.00,0.138,243.2,93.3,260.5,243.2,-0.0,79.81,0.00,1.000,unknown,unknown,false
1756425420887,864.338,-128.523,43.616,1.302,7.237,-2.820,7.35,2.82,7.88,7.35,-0.00,0.136,289.5,111.0,310.1,289.5,-0.0,79.81,0.00,1.000,neutral,glide_neutral,false
1756425420916,864.391,-128.229,43.502,1.446,8.037,-3.131,8.17,3.13,8.75,8.17,-0.00,0.134,321.5,123.3,344.3,321.5,-0.0,79.81,0.00,1.000,neutral,glide_neutral,false
1756425420946,864.443,-127.935,43.387,1.550,8.620,-3.358,8.76,3.36,9.38,8.76,-0.00,0.135,344.8,132.2,369.3,344.8,-0.0,79.81,0.00,1.000,forward,glide_fwd,false
1756425420975,864.443,-127.935,43.387,1.085,6.034,-2.351,6.13,2.35,6.57,6.13,-0.00,0.137,241.4,92.6,258.5,241.4,-0.0,79.81,0.00,1.000,unknown,unknown,false
1756425421004,864.496,-127.641,43.273,1.306,7.259,-2.828,7.38,2.83,7.90,7.38,-0.00,0.135,290.4,111.3,311.0,290.4,-0.0,79.81,0.00,1.000,neutral,glide_neutral,false
1756425421034,864.549,-127.347,43.158,1.450,8.063,-3.142,8.19,3.14,8.77,8.19,-0.00,0.134,322.5,123.7,345.4,322.5,-0.0,79.81,0.00,1.000,neutral,glide_neutral,false
1756425421063,864.549,-127.347,43.158,1.015,5.644,-2.199,5.73,2.20,6.14,5.73,-0.00,0.139,225.8,86.6,241.8,225.8,-0.0,79.81,0.00,1.000,unknown,unknown,false
1756425421092,864.602,-127.053,43.044,1.257,6.987,-2.722,7.10,2.72,7.60,7.10,-0.00,0.137,279.5,107.2,299.3,279.5,-0.0,79.81,0.00,1.000,neutral,glide_neutral,false
1756425421121,864.655,-126.759,42.929,1.426,7.925,-3.088,8.05,3.09,8.62,8.05,-0.00,0.135,317.0,121.6,339.5,317.0,-0.0,79.81,0.00,1.000,neutral,glide_neutral,false
1756425421151,864.708,-126.465,42.815,1.534,8.529,-3.323,8.67,3.32,9.28,8.67,-0.00,0.136,341.2,130.8,365.4,341.2,-0.0,79.81,0.00,1.000,forward,glide_fwd,false
1756425421180,864.708,-126.465,42.815,1.074,5.971,-2.326,6.07,2.33,6.50,6.07,-0.00,0.138,238.8,91.6,255.8,238.8,-0.0,79.81,0.00,1.000,unknown,unknown,false
1756425421210,864.761,-126.171,42.700,1.289,7.163,-2.791,7.28,2.79,7.80,7.28,-0.00,0.136,286.5,109.9,306.9,286.5,-0.0,79.81,0.00,1.000,neutral,glide_neutral,false
1756425421239,864.814,-125.877,42.586,1.438,7.996,-3.115,8.12,3.12,8.70,8.12,-0.00,0.135,319.9,122.7,342.6,319.9,-0.0,79.81,0.00,1.000,neutral,glide_neutral,false
1756425421268,864.867,-125.583,42.471,1.552,8.628,-3.362,8.77,3.36,9.39,8.77,-0.00,0.135,345.1,132.3,369.6,345.1,-0.0,79.81,0.00,1.000,forward,glide_fwd,false
1756425421298,864.867,-125.583,42.471,1.087,6.039,-2.353,6.14,2.35,6.57,6.14,-0.00,0.138,241.6,92.6,258.7,241.6,-0.0,79.81,0.00,1.000,unknown,unknown,false
1756425421328,864.919,-125.289,42.356,1.297,7.212,-2.810,7.33,2.81,7.85,7.33,-0.00,0.136,288.5,110.6,309.0,288.5,-0.0,79.81,0.00,1.000,neutral,glide_neutral,false
1756425421357,864.972,-124.995,42.242,1.445,8.030,-3.129,8.16,3.13,8.74,8.16,-0.00,0.134,321.2,123.2,344.0,321.2,-0.0,79.81,0.00,1.000,neutral,glide_neutral,false
1756425421386,864.972,-124.995,42.242,1.011,5.621,-2.190,5.71,2.19,6.12,5.71,-0.00,0.139,224.9,86.2,240.8,224.9,-0.0,79.81,0.00,1.000,unknown,unknown,false
1756425421416,865.025,-124.701,42.127,1.244,6.919,-2.696,7.03,2.70,7.53,7.03,-0.00,0.138,276.8,106.1,296.4,276.8,-0.0,79.81,0.00,1.000,neutral,glide_neutral,false
1756425421445,865.078,-124.407,42.013,1.411,7.846,-3.057,7.97,3.06,8.54,7.97,-0.00,0.136,313.8,120.3,336.1,313.8,-0.0,79.81,0.00,1.000,neutral,glide_neutral,false
1756425421475,865.131,-124.113,41.898,1.528,8.493,-3.309,8.63,3.31,9.24,8.63,-0.00,0.136,339.7,130.3,363.9,339.7,-0.0,79.81,0.00,1.000,forward,glide_fwd,false
1756425421504,865.131,-124.113,41.898,1.070,5.945,-2.316,6.04,2.32,6.47,6.04,-0.00,0.139,237.8,91.2,254.7,237.8,-0.0,79.81,0.00,1.000,unknown,unknown,false
1756425421533,865.184,-123.819,41.784,1.285,7.146,-2.784,7.26,2.78,7.78,7.26,-0.00,0.137,285.8,109.6,306.1,285.8,-0.0,79.81,0.00,1.000,neutral,glide_neutral,false
1756425421562,865.237,-123.525,41.669,1.446,8.038,-3.132,8.17,3.13,8.75,8.17,-0.00,0.135,321.5,123.3,344.4,321.5,-0.0,79.81,0.00,1.000,neutral,glide_neutral,false
1756425421591,865.290,-123.231,41.555,1.558,8.662,-3.375,8.80,3.38,9.43,8.80,-0.00,0.136,346.5,132.9,371.1,346.5,-0.0,79.81,0.00,1.000,forward,glide_fwd,false
1756425421620,865.290,-123.231,41.555,1.091,6.064,-2.363,6.16,2.36,6.60,6.16,-0.00,0.138,242.6,93.0,259.8,242.6,-0.0,79.81,0.00,1.000,unknown,unknown,false
1756425421650,865.342,-122.937,41.440,1.300,7.228,-2.816,7.34,2.82,7.87,7.34,-0.00,0.136,289.1,110.9,309.6,289.1,-0.0,79.81,0.00,1.000,neutral,glide_neutral,false
1756425421679,865.395,-122.643,41.326,1.447,8.042,-3.133,8.17,3.13,8.75,8.17,-0.00,0.134,321.7,123.4,344.5,321.7,-0.0,79.81,0.00,1.000,neutral,glide_neutral,false
1756425421709,865.395,-122.643,41.326,1.013,5.629,-2.193,5.72,2.19,6.13,5.72,-0.00,0.140,225.2,86.3,241.2,225.2,-0.0,79.81,0.00,1.000,unknown,unknown,false
1756425421738,865.448,-122.349,41.211,1.245,6.920,-2.696,7.03,2.70,7.53,7.03,-0.00,0.138,276.8,106.2,296.5,276.8,-0.0,79.81,0.00,1.000,neutral,glide_neutral,false
1756425421768,865.501,-122.055,41.096,1.406,7.816,-3.045,7.94,3.05,8.50,7.94,-0.00,0.136,312.6,119.9,334.8,312.6,-0.0,79.81,0.00,1.000,neutral,glide_neutral,false
1756425421797,865.554,-121.761,40.982,1.520,8.452,-3.293,8.59,3.29,9.20,8.59,-0.00,0.136,338.1,129.6,362.1,338.1,-0.0,79.81,0.00,1.000,forward,glide_fwd,false
1756425421827,865.607,-121.467,40.867,1.603,8.910,-3.471,9.05,3.47,9.70,9.05,-0.00,0.138,356.4,136.7,381.7,356.4,-0.0,79.81,0.00,1.000,forward,glide_fwd,false
1756425421856,865.607,-121.467,40.867,1.122,6.237,-2.430,6.34,2.43,6.79,6.34,-0.00,0.139,249.5,95.7,267.2,249.5,-0.0,79.81,0.00,1.000,unknown,unknown,false
1756425421886,865.660,-121.173,40.753,1.321,7.347,-2.863,7.46,2.86,7.99,7.46,-0.00,0.137,293.9,112.7,314.8,293.9,-0.0,79.81,0.00,1.000,neutral,glide_neutral,false
1756425421915,865.713,-120.879,40.638,1.463,8.134,-3.169,8.26,3.17,8.85,8.26,-0.00,0.136,325.4,124.8,348.5,325.4,-0.0,79.81,0.00,1.000,neutral,glide_neutral,false
1756425421944,865.766,-120.585,40.524,1.568,8.717,-3.396,8.86,3.40,9.49,8.86,-0.00,0.136,348.7,133.7,373.4,348.7,-0.0,79.81,0.00,1.000,forward,glide_fwd,false
1756425421974,865.766,-120.585,40.524,1.098,6.102,-2.377,6.20,2.38,6.64,6.20,-0.00,0.139,244.1,93.6,261.4,244.1,-0.0,79.81,0.00,1.000,unknown,unknown,false
1756425422003,865.818,-120.291,40.409,1.305,7.255,-2.826,7.37,2.83,7.89,7.37,-0.00,0.136,290.2,111.3,310.8,290.2,-0.0,79.81,0.00,1.000,neutral,glide_neutral,false
1756425422033,865.871,-119.997,40.295,1.450,8.062,-3.141,8.19,3.14,8.77,8.19,-0.00,0.135,322.5,123.7,345.4,322.5,-0.0,79.81,0.00,1.000,neutral,glide_neutral,false
1756425422062,865.871,-119.997,40.295,1.015,5.644,-2.199,5.73,2.20,6.14,5.73,-0.00,0.140,225.8,86.6,241.8,225.8,-0.0,79.81,0.00,1.000,unknown,unknown,false
1756425422091,865.924,-119.703,40.180,1.257,6.987,-2.722,7.10,2.72,7.60,7.10,-0.00,0.138,279.5,107.2,299.3,279.5,-0.0,79.81,0.00,1.000,neutral,glide_neutral,false
1756425422120,865.977,-119.409,40.066,1.426,7.925,-3.088,8.05,3.09,8.62,8.05,-0.00,0.137,317.0,121.6,339.5,317.0,-0.0,79.81,0.00,1.000,neutral,glide_neutral,false
1756425422150,866.030,-119.115,39.951,1.534,8.528,-3.323,8.66,3.32,9.28,8.66,-0.00,0.137,341.1,130.8,365.4,341.1,-0.0,79.81,0.00,1.000,forward,glide_fwd,false
